,idx,k1,k2,k3,k4,k5,k6,km_1,km_2,km_3,km_4,km_5,km_6,km_f
1,1,,,,"1. 영업활동
2. 분위기
3. 최적",,,[''],[''],[''],"['영업활동', '분위기', '최적']",[''],[''],"['영업활동', '분위기', '최적']"
2,2,,,,"1. 브랜드 혜택
2. 개인적 영업 타격 감내",,"1. 영업과 본사 간 괴리
2. 일률적 처리 기준
3. 결과 수용 투명성",[''],[''],[''],"['브랜드 혜택', '개인적 영업 타격 감내']",[''],"['영업과 본사 간 괴리', '일률적 처리 기준', '결과 수용 투명성']","['브랜드 혜택', '개인적 영업 타격 감내', '영업과 본사 간 괴리', '일률적 처리 기준', '결과 수용 투명성']"
3,3,,,,,,"1. 통제시스템
2. 인적구성
3. 준법통제",[''],[''],[''],[''],[''],"['통제시스템', '인적구성', '준법통제']","['통제시스템', '인적구성', '준법통제']"
4,4,,,,,,"1. 직원 사기 저하
2. 시니어 관리 필요
3. 로열티 강화
4. 감정적 연구 필요",[''],[''],[''],[''],[''],"['직원 사기 저하', '시니어 관리 필요', '로열티 강화', '감정적 연구 필요']","['직원 사기 저하', '시니어 관리 필요', '로열티 강화', '감정적 연구 필요']"
5,5,,,,"1. KPI 부담
2. 모범 고민",,,[''],[''],[''],"['KPI 부담', '모범 고민']",[''],[''],"['KPI 부담', '모범 고민']"
6,6,,,,,"1. 지점 구조
2. 업무 지시
3. 인지 어려움",,[''],[''],[''],[''],"['지점 구조', '업무 지시', '인지 어려움']",[''],"['지점 구조', '업무 지시', '인지 어려움']"
7,7,,"1. 내부통제
2. 법규준수
3. 인식수준","1. 절차이해
2. 개선필요사항",,,"1. 금융사고
2. 면담 프로세스",[''],"['내부통제', '법규준수', '인식수준']","['절차이해', '개선필요사항']",[''],[''],"['금융사고', '면담 프로세스']","['내부통제', '법규준수', '인식수준', '절차이해', '개선필요사항', '금융사고', '면담 프로세스']"
8,8,,,"1. 직접 조치
2. 문의",,,1. 업무 프로세스,[''],[''],"['직접 조치', '문의']",[''],[''],['업무 프로세스'],"['직접 조치', '문의', '업무 프로세스']"
9,9,"1. 대출
2. 민원
3. 트라우마",,"1. 경력 부족
2. 개선점 미인지",,,"1. 시스템
2. 개선 필요","['대출', '민원', '트라우마']",[''],"['경력 부족', '개선점 미인지']",[''],[''],"['시스템', '개선 필요']","['대출', '민원', '트라우마', '경력 부족', '개선점 미인지', '시스템', '개선 필요']"
10,10,"1. 인수인계 문제
2. 초임 팀장
3. 교육 필요
4. 보안 절차 주의","1. 상품 선가입
2. 내부통제 보완","1. 원본문서 보관 문제
2. 서류 보완 어려움
3. 유선업무 확대 필요",,,,"['인수인계 문제', '초임 팀장', '교육 필요', '보안 절차 주의']","['상품 선가입', '내부통제 보완']","['원본문서 보관 문제', '서류 보완 어려움', '유선업무 확대 필요']",[''],[''],[''],"['인수인계 문제', '초임 팀장', '교육 필요', '보안 절차 주의', '상품 선가입', '내부통제 보완', '원본문서 보관 문제', '서류 보완 어려움', '유선업무 확대 필요']"
11,11,"1. 신탁 및 펀드
2. 메신저 기록
3. 유선 녹취 부족","1. 상품 선가입 미비
2. 내부통제 보완",,"1. 메신저 업무 처리
2. 관행적 처리",,,"['신탁 및 펀드', '메신저 기록', '유선 녹취 부족']","['상품 선가입 미비', '내부통제 보완']",[''],"['메신저 업무 처리', '관행적 처리']",[''],[''],"['신탁 및 펀드', '메신저 기록', '유선 녹취 부족', '상품 선가입 미비', '내부통제 보완', '메신저 업무 처리', '관행적 처리']"
12,12,,"1. 상품 선가입
2. 내부통제 인식
3. 보완","1. 자동발송 기능
2. 퇴직연금 DC계좌",,,"1. 사건 공개
2. 결론 공개",[''],"['상품 선가입', '내부통제 인식', '보완']","['자동발송 기능', '퇴직연금 DC계좌']",[''],[''],"['사건 공개', '결론 공개']","['상품 선가입', '내부통제 인식', '보완', '자동발송 기능', '퇴직연금 DC계좌', '사건 공개', '결론 공개']"
13,13,"1. 인감 보관
2. 업무처리
3. 리스크","1. 상품 선가입
2. 내부통제
3. 미비","1. 수기 업무
2. 해외주식
3. 단가 입력","1. 대출 자금
2. 녹취 점검
3. 위탁 예수금","1. 전문투자자 등록
2. 계좌 개설
3. 리스크",,"['인감 보관', '업무처리', '리스크']","['상품 선가입', '내부통제', '미비']","['수기 업무', '해외주식', '단가 입력']","['대출 자금', '녹취 점검', '위탁 예수금']","['전문투자자 등록', '계좌 개설', '리스크']",[''],"['인감 보관', '업무처리', '리스크', '상품 선가입', '내부통제', '미비', '수기 업무', '해외주식', '단가 입력', '대출 자금', '녹취 점검', '위탁 예수금', '전문투자자 등록', '계좌 개설', '리스크']"
14,14,"1. 권리 누락
2. 대응 어려움
3. 책임 소재","1. 상품 선가입
2. 미비 보완","1. 경각심
2. 게시물",1. 상품 가입 미비,,"1. PB 골+ 교육
2. 지점 대형화
3. 업무 소화","['권리 누락', '대응 어려움', '책임 소재']","['상품 선가입', '미비 보완']","['경각심', '게시물']",['상품 가입 미비'],[''],"['PB 골+ 교육', '지점 대형화', '업무 소화']","['권리 누락', '대응 어려움', '책임 소재', '상품 선가입', '미비 보완', '경각심', '게시물', '상품 가입 미비', 'PB 골+ 교육', '지점 대형화', '업무 소화']"
15,15,"1. 금융상품 가입
2. 처리 시간
3. 미비 보완","1. 내부통제 준수
2. 직원 인식 수준",,,,1. 시장 리스크 관리,"['금융상품 가입', '처리 시간', '미비 보완']","['내부통제 준수', '직원 인식 수준']",[''],[''],[''],['시장 리스크 관리'],"['금융상품 가입', '처리 시간', '미비 보완', '내부통제 준수', '직원 인식 수준', '시장 리스크 관리']"
16,16,,"1. 내부통제
2. 영업난이도","1. 전화녹취
2. 내방 업무
3. 개선 필요",,,"1. 전문 영업
2. 인사 문제
3. 인력 배치",[''],"['내부통제', '영업난이도']","['전화녹취', '내방 업무', '개선 필요']",[''],[''],"['전문 영업', '인사 문제', '인력 배치']","['내부통제', '영업난이도', '전화녹취', '내방 업무', '개선 필요', '전문 영업', '인사 문제', '인력 배치']"
17,17,1. ,1. ,"1. IT 문제
2. 내부통제
3. 포기",1. ,1. ,"1. LP업무
2. 내부통제
3. 권한
4. 한도",[''],[''],"['IT 문제', '내부통제', '포기']",[''],[''],"['LP업무', '내부통제', '권한', '한도']","['IT 문제', '내부통제', '포기', 'LP업무', '내부통제', '권한', '한도']"
18,18,,"1. 내부통제
2. 법규준수
3. 불확실성","1. 내부통제
2. 교육
3. 접근성",,,"1. 보고체계
2. 주기적인 보고
3. 개선 필요",[''],"['내부통제', '법규준수', '불확실성']","['내부통제', '교육', '접근성']",[''],[''],"['보고체계', '주기적인 보고', '개선 필요']","['내부통제', '법규준수', '불확실성', '내부통제', '교육', '접근성', '보고체계', '주기적인 보고', '개선 필요']"
19,19,,,"1. IT 문제
2. 내부통제 개선",,,"1. 견제와 균형
2. 조직 문화 문제
3. 인사 검증과 통제
4. 자주 인사 발령",[''],[''],"['IT 문제', '내부통제 개선']",[''],[''],"['견제와 균형', '조직 문화 문제', '인사 검증과 통제', '자주 인사 발령']","['IT 문제', '내부통제 개선', '견제와 균형', '조직 문화 문제', '인사 검증과 통제', '자주 인사 발령']"
20,20,,"1. 금융상품 추천
2. 투자 시간
3. 노력 권유",,,,"1. 강압적 업무지시
2. 모욕
3. 묵인",[''],"['금융상품 추천', '투자 시간', '노력 권유']",[''],[''],[''],"['강압적 업무지시', '모욕', '묵인']","['금융상품 추천', '투자 시간', '노력 권유', '강압적 업무지시', '모욕', '묵인']"
21,21,"1. IB연계 영업
2. 기업금융
3. 리스크","1. 법인유치
2. 수익 손실
3. 법규준수","1. 외부영업
2. 업무처리
3. 야근","1. R&R 불명확
2. 본사부서
3. 정확한 정리 필요",,"1. 파생상품 통제
2. 시재관리
3. 인력관리 개선","['IB연계 영업', '기업금융', '리스크']","['법인유치', '수익 손실', '법규준수']","['외부영업', '업무처리', '야근']","['R&R 불명확', '본사부서', '정확한 정리 필요']",[''],"['파생상품 통제', '시재관리', '인력관리 개선']","['IB연계 영업', '기업금융', '리스크', '법인유치', '수익 손실', '법규준수', '외부영업', '업무처리', '야근', 'R&R 불명확', '본사부서', '정확한 정리 필요', '파생상품 통제', '시재관리', '인력관리 개선']"
22,22,,"1. 대출업무
2. 시간 지연
3. 승인 지연","1. 본사 사고
2. 내부통제 강화",,,"1. 성과급체계 부서
2. 경력직원 검증
3. 내부통제 강화",[''],"['대출업무', '시간 지연', '승인 지연']","['본사 사고', '내부통제 강화']",[''],[''],"['성과급체계 부서', '경력직원 검증', '내부통제 강화']","['대출업무', '시간 지연', '승인 지연', '본사 사고', '내부통제 강화', '성과급체계 부서', '경력직원 검증', '내부통제 강화']"
23,23,,,,,,"1. 운영리스크
2. Book
3. 매매",[''],[''],[''],[''],[''],"['운영리스크', 'Book', '매매']","['운영리스크', 'Book', '매매']"
24,24,"1. 리스크 상품
2. 경력자 사고
3. 도덕성 문제","1. 고객정보 노출
2. 비밀번호 문제
3. 사고 위험","1. 중징계 인사
2. 퇴직자 관리
3. 고객정보 문제",,,"1. 수기 작업
2. 템싯 점검
3. Back-to-Back 확인","['리스크 상품', '경력자 사고', '도덕성 문제']","['고객정보 노출', '비밀번호 문제', '사고 위험']","['중징계 인사', '퇴직자 관리', '고객정보 문제']",[''],[''],"['수기 작업', '템싯 점검', 'Back-to-Back 확인']","['리스크 상품', '경력자 사고', '도덕성 문제', '고객정보 노출', '비밀번호 문제', '사고 위험', '중징계 인사', '퇴직자 관리', '고객정보 문제', '수기 작업', '템싯 점검', 'Back-to-Back 확인']"
25,25,,,"1. 내부 통제
2. IRP 도입
3. 개별 공시",,,"1. 결제 간소화
2. 재무 통제
3. 상급자 스트레스
4. 부서 관리",[''],[''],"['내부 통제', 'IRP 도입', '개별 공시']",[''],[''],"['결제 간소화', '재무 통제', '상급자 스트레스', '부서 관리']","['내부 통제', 'IRP 도입', '개별 공시', '결제 간소화', '재무 통제', '상급자 스트레스', '부서 관리']"
26,26,,,,,,"1. 인적쇄신
2. 시스템 부재
3. 모럴헤저드",[''],[''],[''],[''],[''],"['인적쇄신', '시스템 부재', '모럴헤저드']","['인적쇄신', '시스템 부재', '모럴헤저드']"
27,27,"1. 매매주문
2. 녹취 기준
3. 명확한 해석",,,,,"1. 내부통제 수준
2. 신입사원 이해","['매매주문', '녹취 기준', '명확한 해석']",[''],[''],[''],[''],"['내부통제 수준', '신입사원 이해']","['매매주문', '녹취 기준', '명확한 해석', '내부통제 수준', '신입사원 이해']"
28,28,"1. 대출 등급
2. 리스크","1. 법규 준수
2. 내부통제 인식",,,,"1. 단기성과
2. 애사심 저하
3. 고객 신뢰
4. 회사 이미지
5. 전략 혼란
6. 인적쇄신","['대출 등급', '리스크']","['법규 준수', '내부통제 인식']",[''],[''],[''],"['단기성과', '애사심 저하', '고객 신뢰', '회사 이미지', '전략 혼란', '인적쇄신']","['대출 등급', '리스크', '법규 준수', '내부통제 인식', '단기성과', '애사심 저하', '고객 신뢰', '회사 이미지', '전략 혼란', '인적쇄신']"
29,29,,,,,,"1. 한도
2. 시스템 문제
3. 개선 필요",[''],[''],[''],[''],[''],"['한도', '시스템 문제', '개선 필요']","['한도', '시스템 문제', '개선 필요']"
30,30,"1. 신용 등급
2. 대출 등급
3. 형평성",,,,,"1. 평판 리스크
2. 영업력 저하
3. 대규모 금액 주문","['신용 등급', '대출 등급', '형평성']",[''],[''],[''],[''],"['평판 리스크', '영업력 저하', '대규모 금액 주문']","['신용 등급', '대출 등급', '형평성', '평판 리스크', '영업력 저하', '대규모 금액 주문']"
31,31,"1. 주문 실수
2. 대리 응대",,,,,"1. 리스크 노출
2. 사기 저하
3. BEP 상승
4. 손실 영향","['주문 실수', '대리 응대']",[''],[''],[''],[''],"['리스크 노출', '사기 저하', 'BEP 상승', '손실 영향']","['주문 실수', '대리 응대', '리스크 노출', '사기 저하', 'BEP 상승', '손실 영향']"
32,32,,,,,,"1. 전문가 부족
2. 인적쇄신 필요
3. 조직변경 문제
4. 법선 수익부서 제외",[''],[''],[''],[''],[''],"['전문가 부족', '인적쇄신 필요', '조직변경 문제', '법선 수익부서 제외']","['전문가 부족', '인적쇄신 필요', '조직변경 문제', '법선 수익부서 제외']"
33,33,,,,,,"1. OTC 거래
2. 계약과정
3. 절차 확립",[''],[''],[''],[''],[''],"['OTC 거래', '계약과정', '절차 확립']","['OTC 거래', '계약과정', '절차 확립']"
34,34,,,,,,"1. 고유자산
2. Account Risk
3. 전수조사",[''],[''],[''],[''],[''],"['고유자산', 'Account Risk', '전수조사']","['고유자산', 'Account Risk', '전수조사']"
35,35,,,"1. MTS 불편
2. 전문가 부재
3. 투자자 업무",,,"1. 순환보직
2. 인력 관리",[''],[''],"['MTS 불편', '전문가 부재', '투자자 업무']",[''],[''],"['순환보직', '인력 관리']","['MTS 불편', '전문가 부재', '투자자 업무', '순환보직', '인력 관리']"
36,36,,"1. 역할 명확화
2. 합의 체계
3. 공지 필요","1. 사규 변경
2. 업무 매뉴얼",,,"1. 시스템 개선
2. 내부통제 강화
3. 조직도 개편",[''],"['역할 명확화', '합의 체계', '공지 필요']","['사규 변경', '업무 매뉴얼']",[''],[''],"['시스템 개선', '내부통제 강화', '조직도 개편']","['역할 명확화', '합의 체계', '공지 필요', '사규 변경', '업무 매뉴얼', '시스템 개선', '내부통제 강화', '조직도 개편']"
37,37,,"1. 이율 기준 불투명
2. 채권금리 경쟁력","1. 조직 세분화
2. 부서명 변경",,,"1. 순환보직
2. 업무 리스크",[''],"['이율 기준 불투명', '채권금리 경쟁력']","['조직 세분화', '부서명 변경']",[''],[''],"['순환보직', '업무 리스크']","['이율 기준 불투명', '채권금리 경쟁력', '조직 세분화', '부서명 변경', '순환보직', '업무 리스크']"
38,38,"1. 해외주식
2. 단가입력
3. 시스템 개선
4. 매뉴얼 개선","1. CTR 알람
2. STR 알람
3. 신분증 문제
4. 소통 문제","1. 기업 도산
2. 법률 이슈
3. 법무실
4. 업무혁신부
5. 책임 미루기",1. ,1. ,1. ,"['해외주식', '단가입력', '시스템 개선', '매뉴얼 개선']","['CTR 알람', 'STR 알람', '신분증 문제', '소통 문제']","['기업 도산', '법률 이슈', '법무실', '업무혁신부', '책임 미루기']",[''],[''],[''],"['해외주식', '단가입력', '시스템 개선', '매뉴얼 개선', 'CTR 알람', 'STR 알람', '신분증 문제', '소통 문제', '기업 도산', '법률 이슈', '법무실', '업무혁신부', '책임 미루기']"
39,39,"1. 신용 대출
2. 채권상품
3. 금리 경쟁력",,"1. 해외주식
2. 업무 품질
3. 교육 필요",,,1. 직원 순환보직,"['신용 대출', '채권상품', '금리 경쟁력']",[''],"['해외주식', '업무 품질', '교육 필요']",[''],[''],['직원 순환보직'],"['신용 대출', '채권상품', '금리 경쟁력', '해외주식', '업무 품질', '교육 필요', '직원 순환보직']"
40,40,"1. 승인 프로세스
2. 해외주식 입력
3. 전자화문서 시스템","1. 화면 업데이트
2. 업무공지
3. 업무인수인계서","1. 업무 교육
2. 전담조직",,,1. 통제시스템,"['승인 프로세스', '해외주식 입력', '전자화문서 시스템']","['화면 업데이트', '업무공지', '업무인수인계서']","['업무 교육', '전담조직']",[''],[''],['통제시스템'],"['승인 프로세스', '해외주식 입력', '전자화문서 시스템', '화면 업데이트', '업무공지', '업무인수인계서', '업무 교육', '전담조직', '통제시스템']"
41,41,"1. 승인 프로세스
2. 해외주식 단가 입력
3. 대주주 대출 매뉴얼","1. ODS 시스템
2. 해외주식 프로그램
3. 세금 이슈
4. 연금저출 시스템",,,,1. 순환보직,"['승인 프로세스', '해외주식 단가 입력', '대주주 대출 매뉴얼']","['ODS 시스템', '해외주식 프로그램', '세금 이슈', '연금저출 시스템']",[''],[''],[''],['순환보직'],"['승인 프로세스', '해외주식 단가 입력', '대주주 대출 매뉴얼', 'ODS 시스템', '해외주식 프로그램', '세금 이슈', '연금저출 시스템', '순환보직']"
42,42,,"1. ODS시스템
2. 녹취장비
3. 업무 프로세스","1. 해외주식 교섭수수료
2. 리츠 보유 고객
3. 대출 금액 불일치",,,"1. 직원 순환보직
2. 리스크 확인",[''],"['ODS시스템', '녹취장비', '업무 프로세스']","['해외주식 교섭수수료', '리츠 보유 고객', '대출 금액 불일치']",[''],[''],"['직원 순환보직', '리스크 확인']","['ODS시스템', '녹취장비', '업무 프로세스', '해외주식 교섭수수료', '리츠 보유 고객', '대출 금액 불일치', '직원 순환보직', '리스크 확인']"
43,43,"1. 매뉴얼 부족
2. 전자문서 시스템","1. ODS 시스템
2. 세금 이슈
3. 연금저축 시스템","1. 퇴직연금 화면
2. 오지급 가능성
3. 업무 일원화",,,1. 내부통제 권한,"['매뉴얼 부족', '전자문서 시스템']","['ODS 시스템', '세금 이슈', '연금저축 시스템']","['퇴직연금 화면', '오지급 가능성', '업무 일원화']",[''],[''],['내부통제 권한'],"['매뉴얼 부족', '전자문서 시스템', 'ODS 시스템', '세금 이슈', '연금저축 시스템', '퇴직연금 화면', '오지급 가능성', '업무 일원화', '내부통제 권한']"
44,44,,"1. 외부활동
2. 개인적 어려움","1. 상품서류 간소화
2. 시스템 개선
3. 다른 분야 상담",,,,[''],"['외부활동', '개인적 어려움']","['상품서류 간소화', '시스템 개선', '다른 분야 상담']",[''],[''],[''],"['외부활동', '개인적 어려움', '상품서류 간소화', '시스템 개선', '다른 분야 상담']"
45,45,,,,,,,[''],[''],[''],[''],[''],[''],[]
46,46,,"1. 미스터리쇼핑
2. 온라인가입 추세
3. 절차 간소화",,"1. 지점 분위기 문제
2. KPI 드라이브
3. 수익평가 필요",,,[''],"['미스터리쇼핑', '온라인가입 추세', '절차 간소화']",[''],"['지점 분위기 문제', 'KPI 드라이브', '수익평가 필요']",[''],[''],"['미스터리쇼핑', '온라인가입 추세', '절차 간소화', '지점 분위기 문제', 'KPI 드라이브', '수익평가 필요']"
47,47,"1. 협의금리
2. 수작업 체크
3. 환전우대",,"1. 전자문서
2. 주민번호 마스킹
3. 정보보호",,,"1. 크로스 체크
2. 로테이션
3. 장기근속자","['협의금리', '수작업 체크', '환전우대']",[''],"['전자문서', '주민번호 마스킹', '정보보호']",[''],[''],"['크로스 체크', '로테이션', '장기근속자']","['협의금리', '수작업 체크', '환전우대', '전자문서', '주민번호 마스킹', '정보보호', '크로스 체크', '로테이션', '장기근속자']"
48,48,"1. 환전우대 만기
2. 연금 해지 계좌
3. 자동이체 문제",,"1. 점심시간 교대
2. 컴플라이언스부
3. CDD 승인 대기",,,,"['환전우대 만기', '연금 해지 계좌', '자동이체 문제']",[''],"['점심시간 교대', '컴플라이언스부', 'CDD 승인 대기']",[''],[''],[''],"['환전우대 만기', '연금 해지 계좌', '자동이체 문제', '점심시간 교대', '컴플라이언스부', 'CDD 승인 대기']"
50,50,"1. 연금저축
2. IRP
3. 세금
4. 전문팀","1. PC 철수
2. PB 화면권한
3. 서류 부족","1. 대직자 부재
2. 담당자 찾기",,,"1. 고지팀장 교육
2. PWM 2인체제
3. 파견인원 부족
4. 인원 확충","['연금저축', 'IRP', '세금', '전문팀']","['PC 철수', 'PB 화면권한', '서류 부족']","['대직자 부재', '담당자 찾기']",[''],[''],"['고지팀장 교육', 'PWM 2인체제', '파견인원 부족', '인원 확충']","['연금저축', 'IRP', '세금', '전문팀', 'PC 철수', 'PB 화면권한', '서류 부족', '대직자 부재', '담당자 찾기', '고지팀장 교육', 'PWM 2인체제', '파견인원 부족', '인원 확충']"
51,51,,,"1. 담당자 부족
2. 대직자",,,"1. 교육 필요
2. 인원 부족
3. 인원 확충",[''],[''],"['담당자 부족', '대직자']",[''],[''],"['교육 필요', '인원 부족', '인원 확충']","['담당자 부족', '대직자', '교육 필요', '인원 부족', '인원 확충']"
52,52,,,"1. 신규 PB
2. 교육 필요
3. 골드넷+",,,,[''],[''],"['신규 PB', '교육 필요', '골드넷+']",[''],[''],[''],"['신규 PB', '교육 필요', '골드넷+']"
53,53,"1. 수작업 리스크
2. 인사 배치
3. 업무 인계
4. 시니어 부족",,"1. 금융상품 판매
2. 프로세스 개선",,,"1. 시스템 권한 제한
2. 업무처리자
3. 업무개발자","['수작업 리스크', '인사 배치', '업무 인계', '시니어 부족']",[''],"['금융상품 판매', '프로세스 개선']",[''],[''],"['시스템 권한 제한', '업무처리자', '업무개발자']","['수작업 리스크', '인사 배치', '업무 인계', '시니어 부족', '금융상품 판매', '프로세스 개선', '시스템 권한 제한', '업무처리자', '업무개발자']"
54,54,"1. 주식영업
2. 리스크
3. 영향도",1. ,"1. 내부고발자
2. 포상
3. 솜방망이 처벌",1. ,1. ,"1. 기획자
2. 책임
3. 권한 부여자","['주식영업', '리스크', '영향도']",[''],"['내부고발자', '포상', '솜방망이 처벌']",[''],[''],"['기획자', '책임', '권한 부여자']","['주식영업', '리스크', '영향도', '내부고발자', '포상', '솜방망이 처벌', '기획자', '책임', '권한 부여자']"
55,55,"1. 인사
2. 인력배치
3. 불합리","1. 경쟁력
2. 해외주식
3. KPI
4. 융통성","1. 데이터
2. 경쟁력
3. 해외주식",,,"1. 기획자
2. 책임","['인사', '인력배치', '불합리']","['경쟁력', '해외주식', 'KPI', '융통성']","['데이터', '경쟁력', '해외주식']",[''],[''],"['기획자', '책임']","['인사', '인력배치', '불합리', '경쟁력', '해외주식', 'KPI', '융통성', '데이터', '경쟁력', '해외주식', '기획자', '책임']"
56,56,"1. 퇴직연금
2. 해외주식
3. 리스크","1. 업무과실
2. 서류 미비
3. 크로스체크 필요","1. 고객지원팀장 승인
2. 법인카드 사용자 분리
3. 사고 리스크",,,"1. 인식 변화
2. 사례 중심 교육","['퇴직연금', '해외주식', '리스크']","['업무과실', '서류 미비', '크로스체크 필요']","['고객지원팀장 승인', '법인카드 사용자 분리', '사고 리스크']",[''],[''],"['인식 변화', '사례 중심 교육']","['퇴직연금', '해외주식', '리스크', '업무과실', '서류 미비', '크로스체크 필요', '고객지원팀장 승인', '법인카드 사용자 분리', '사고 리스크', '인식 변화', '사례 중심 교육']"
57,57,"1. 국내 주식
2. 리스크
3. 영업","1. 국내 주식 약세장
2. 회계감
3. 스트레스","1. KPI 방향성
2. 시기 문제
3. 문제점",,,"1. 무리한 매매
2. 영업 강조
3. 문제점","['국내 주식', '리스크', '영업']","['국내 주식 약세장', '회계감', '스트레스']","['KPI 방향성', '시기 문제', '문제점']",[''],[''],"['무리한 매매', '영업 강조', '문제점']","['국내 주식', '리스크', '영업', '국내 주식 약세장', '회계감', '스트레스', 'KPI 방향성', '시기 문제', '문제점', '무리한 매매', '영업 강조', '문제점']"
58,58,"1. 주식영업
2. 리스크","1. KPI
2. 리스크
3. 경영진 변화
4. 그룹 협업",,,,"1. 목표부여
2. 사고","['주식영업', '리스크']","['KPI', '리스크', '경영진 변화', '그룹 협업']",[''],[''],[''],"['목표부여', '사고']","['주식영업', '리스크', 'KPI', '리스크', '경영진 변화', '그룹 협업', '목표부여', '사고']"
59,59,"1. 주식영업
2. 정도영업",,"1. 인센티브
2. 구조적 문제
3. 조직적 악질",,,"1. BOOK부서
2. 인센티브 구조
3. 인사이동","['주식영업', '정도영업']",[''],"['인센티브', '구조적 문제', '조직적 악질']",[''],[''],"['BOOK부서', '인센티브 구조', '인사이동']","['주식영업', '정도영업', '인센티브', '구조적 문제', '조직적 악질', 'BOOK부서', '인센티브 구조', '인사이동']"
60,60,"1. 금융상품 절차
2. CONTROL TOWER
3. 퇴직연금 시스템
4. HTS 통일성
5. 채권부 수익구조","1. 해외주식 경쟁력
2. 자료 부족
3. 고객 이탈","1. 금융상품 판매프로세스
2. 체크 필요",,,1. 업무권한 과도,"['금융상품 절차', 'CONTROL TOWER', '퇴직연금 시스템', 'HTS 통일성', '채권부 수익구조']","['해외주식 경쟁력', '자료 부족', '고객 이탈']","['금융상품 판매프로세스', '체크 필요']",[''],[''],['업무권한 과도'],"['금융상품 절차', 'CONTROL TOWER', '퇴직연금 시스템', 'HTS 통일성', '채권부 수익구조', '해외주식 경쟁력', '자료 부족', '고객 이탈', '금융상품 판매프로세스', '체크 필요', '업무권한 과도']"
61,61,,,,,,"1. 리더십 부재
2. 내부통제 강화
3. 외부활동 위축",[''],[''],[''],[''],[''],"['리더십 부재', '내부통제 강화', '외부활동 위축']","['리더십 부재', '내부통제 강화', '외부활동 위축']"
62,62,,,,,,"1. 인적 쇄신
2. 내부통제 재정립
3. 리더쉽 부재",[''],[''],[''],[''],[''],"['인적 쇄신', '내부통제 재정립', '리더쉽 부재']","['인적 쇄신', '내부통제 재정립', '리더쉽 부재']"
63,63,,,,,,"1. 단기 성과주의
2. 내부통제
3. 자금 재유입 실패
4. 본사 신뢰문제
5. 재정적 손실",[''],[''],[''],[''],[''],"['단기 성과주의', '내부통제', '자금 재유입 실패', '본사 신뢰문제', '재정적 손실']","['단기 성과주의', '내부통제', '자금 재유입 실패', '본사 신뢰문제', '재정적 손실']"
64,64,,,,,,"1. 평판 리스크
2. 법인영업 위축
3. 이미지 쇄신",[''],[''],[''],[''],[''],"['평판 리스크', '법인영업 위축', '이미지 쇄신']","['평판 리스크', '법인영업 위축', '이미지 쇄신']"
65,65,,,,,,"1. 과도한 지시
2. 평가와 징계 필요
3. 승인 절차
4. 성과급 연동 부재
5. 구조적 문제
6. 촘촘한 검증
7. 수시 감사",[''],[''],[''],[''],[''],"['과도한 지시', '평가와 징계 필요', '승인 절차', '성과급 연동 부재', '구조적 문제', '촘촘한 검증', '수시 감사']","['과도한 지시', '평가와 징계 필요', '승인 절차', '성과급 연동 부재', '구조적 문제', '촘촘한 검증', '수시 감사']"
66,66,,,,,,"1. 수익부서
2. 내부통제 이해
3. 평판리스크",[''],[''],[''],[''],[''],"['수익부서', '내부통제 이해', '평판리스크']","['수익부서', '내부통제 이해', '평판리스크']"
67,67,,,"1. 센터장 권한
2. 영업 우선
3. 컨트롤타워",,,"1. 부서 찾기 어려움
2. 담당자 식별 문제",[''],[''],"['센터장 권한', '영업 우선', '컨트롤타워']",[''],[''],"['부서 찾기 어려움', '담당자 식별 문제']","['센터장 권한', '영업 우선', '컨트롤타워', '부서 찾기 어려움', '담당자 식별 문제']"
68,68,"1. 퇴직연금
2. 전문팀제
3. 업무 어려움","1. 입금 통보
2. 단일 처리 및 승인
3. 안내 시간 개선","1. 업무 문의
2. 대직자 부재
3. 불편",,,"1. 유예기간
2. 영업 전환
3. 전환 차이","['퇴직연금', '전문팀제', '업무 어려움']","['입금 통보', '단일 처리 및 승인', '안내 시간 개선']","['업무 문의', '대직자 부재', '불편']",[''],[''],"['유예기간', '영업 전환', '전환 차이']","['퇴직연금', '전문팀제', '업무 어려움', '입금 통보', '단일 처리 및 승인', '안내 시간 개선', '업무 문의', '대직자 부재', '불편', '유예기간', '영업 전환', '전환 차이']"
69,69,,,"1. 연금 업무
2. 이원화
3. 통합
4. 전문팀",,"1. PB 인식
2. 업무 방식
3. 인식 개선",,[''],[''],"['연금 업무', '이원화', '통합', '전문팀']",[''],"['PB 인식', '업무 방식', '인식 개선']",[''],"['연금 업무', '이원화', '통합', '전문팀', 'PB 인식', '업무 방식', '인식 개선']"
70,70,,,,,"1. 권위적인 상급자
2. 무시
3. 고충",,[''],[''],[''],[''],"['권위적인 상급자', '무시', '고충']",[''],"['권위적인 상급자', '무시', '고충']"
71,71,,,,,,"1. 수익부서 과다
2. 협업 기피현상
3. 조직 정비 부족
4. 내부통제 허술
5. 경영진 동조 문제
6. 융통성 부족
7. 조직 배척",[''],[''],[''],[''],[''],"['수익부서 과다', '협업 기피현상', '조직 정비 부족', '내부통제 허술', '경영진 동조 문제', '융통성 부족', '조직 배척']","['수익부서 과다', '협업 기피현상', '조직 정비 부족', '내부통제 허술', '경영진 동조 문제', '융통성 부족', '조직 배척']"
72,72,,,,,,"1. KPI 변동
2. 전략 부재
3. 감사 횟수",[''],[''],[''],[''],[''],"['KPI 변동', '전략 부재', '감사 횟수']","['KPI 변동', '전략 부재', '감사 횟수']"
73,73,,,,,,"1. 리테일
2. 경위서 제출
3. 인적문제
4. 외부 인사 채용
5. 내부 직원 불만
6. 인사 문제
7. 고유자금 운용부서
8. 수익부서 문제",[''],[''],[''],[''],[''],"['리테일', '경위서 제출', '인적문제', '외부 인사 채용', '내부 직원 불만', '인사 문제', '고유자금 운용부서', '수익부서 문제']","['리테일', '경위서 제출', '인적문제', '외부 인사 채용', '내부 직원 불만', '인사 문제', '고유자금 운용부서', '수익부서 문제']"
74,74,"1. 해외주식
2. 단가 입력
3. 수기 업무",,"1. 잔액 증명서
2. 단가 수기 입력
3. 개선 필요",,,"1. 고객지원팀장
2. 업무 매뉴얼
3. 업무량 과다
4. 시스템적 예방","['해외주식', '단가 입력', '수기 업무']",[''],"['잔액 증명서', '단가 수기 입력', '개선 필요']",[''],[''],"['고객지원팀장', '업무 매뉴얼', '업무량 과다', '시스템적 예방']","['해외주식', '단가 입력', '수기 업무', '잔액 증명서', '단가 수기 입력', '개선 필요', '고객지원팀장', '업무 매뉴얼', '업무량 과다', '시스템적 예방']"
75,75,"1. 법인카드 사용
2. 정보 공유 부족
3. 중간 결재 필요","1. 본사 담당자 부재
2. 매뉴얼 미흡",,,,"1. 통제 확인 시스템
2. 알럿 시스템","['법인카드 사용', '정보 공유 부족', '중간 결재 필요']","['본사 담당자 부재', '매뉴얼 미흡']",[''],[''],[''],"['통제 확인 시스템', '알럿 시스템']","['법인카드 사용', '정보 공유 부족', '중간 결재 필요', '본사 담당자 부재', '매뉴얼 미흡', '통제 확인 시스템', '알럿 시스템']"
76,76,"1. 3인 체제
2. 리스크 발생 가능성",,"1. 업무처리 지연
2. 고객 신뢰도
3. 본사 직원 부재",,,"1. 타사 이동
2. 시스템 불만","['3인 체제', '리스크 발생 가능성']",[''],"['업무처리 지연', '고객 신뢰도', '본사 직원 부재']",[''],[''],"['타사 이동', '시스템 불만']","['3인 체제', '리스크 발생 가능성', '업무처리 지연', '고객 신뢰도', '본사 직원 부재', '타사 이동', '시스템 불만']"
77,77,,,,"1. 장기 미비
2. 상품 가입",,"1. 순환보직
2. 제도 마련
3. 복수 담당자",[''],[''],[''],"['장기 미비', '상품 가입']",[''],"['순환보직', '제도 마련', '복수 담당자']","['장기 미비', '상품 가입', '순환보직', '제도 마련', '복수 담당자']"
78,78,,,,"1. 사모상품
2. 고객 설명",,"1. 성과급 회수
2. 내부 통제 점검",[''],[''],[''],"['사모상품', '고객 설명']",[''],"['성과급 회수', '내부 통제 점검']","['사모상품', '고객 설명', '성과급 회수', '내부 통제 점검']"
79,79,"1. 위험 정보 부족
2. 검증 부재
3. 상품 부서",,,"1. 투자상담사 횡령
2. 고객 자금
3. 미래에셋",,"1. 이미지 추락
2. 신뢰 추락
3. 영업 어려움","['위험 정보 부족', '검증 부재', '상품 부서']",[''],[''],"['투자상담사 횡령', '고객 자금', '미래에셋']",[''],"['이미지 추락', '신뢰 추락', '영업 어려움']","['위험 정보 부족', '검증 부재', '상품 부서', '투자상담사 횡령', '고객 자금', '미래에셋', '이미지 추락', '신뢰 추락', '영업 어려움']"
80,80,"1. 주문 실수
2. 불완전 판매
3. 담보 관리",,"1. 명확한 가이드라인
2. 광고
3. 투자권유",,,"1. 대리인 등록
2. 법인 인감
3. 사용인감","['주문 실수', '불완전 판매', '담보 관리']",[''],"['명확한 가이드라인', '광고', '투자권유']",[''],[''],"['대리인 등록', '법인 인감', '사용인감']","['주문 실수', '불완전 판매', '담보 관리', '명확한 가이드라인', '광고', '투자권유', '대리인 등록', '법인 인감', '사용인감']"
81,81,"1. 외국인 업무
2. 자동 번역 시스템
3. 세금 민원","1. 미비서류
2. 내부통제","1. 해외주식 단가
2. 시스템 개선
3. AI 시스템",,,1. 순환보직,"['외국인 업무', '자동 번역 시스템', '세금 민원']","['미비서류', '내부통제']","['해외주식 단가', '시스템 개선', 'AI 시스템']",[''],[''],['순환보직'],"['외국인 업무', '자동 번역 시스템', '세금 민원', '미비서류', '내부통제', '해외주식 단가', '시스템 개선', 'AI 시스템', '순환보직']"
82,82,"1. 전문가 부재
2. 전산 데이터
3. 민원 발생",,"1. 해외주식 시스템
2. 비거주외국인 매뉴얼",,,"1. 순환보직
2. 전문가 필요","['전문가 부재', '전산 데이터', '민원 발생']",[''],"['해외주식 시스템', '비거주외국인 매뉴얼']",[''],[''],"['순환보직', '전문가 필요']","['전문가 부재', '전산 데이터', '민원 발생', '해외주식 시스템', '비거주외국인 매뉴얼', '순환보직', '전문가 필요']"
83,83,"1. 전문가 부족
2. 담당자 유명무실","1. ODS시스템
2. 녹취 장비
3. 프로세스 재정비",1. 가입서류 많음,,,"1. 순환보직
2. 리스크 확인
3. 조직개편","['전문가 부족', '담당자 유명무실']","['ODS시스템', '녹취 장비', '프로세스 재정비']",['가입서류 많음'],[''],[''],"['순환보직', '리스크 확인', '조직개편']","['전문가 부족', '담당자 유명무실', 'ODS시스템', '녹취 장비', '프로세스 재정비', '가입서류 많음', '순환보직', '리스크 확인', '조직개편']"
84,84,"1. 승인 프로세스
2. 신고 누락
3. 자동 알림 시스템",,"1. 프로세스 개선
2. 업데이트 필요
3. 공문 안내
4. 전자화문서
5. 대면녹취 시스템",,,1. 순환보직,"['승인 프로세스', '신고 누락', '자동 알림 시스템']",[''],"['프로세스 개선', '업데이트 필요', '공문 안내', '전자화문서', '대면녹취 시스템']",[''],[''],['순환보직'],"['승인 프로세스', '신고 누락', '자동 알림 시스템', '프로세스 개선', '업데이트 필요', '공문 안내', '전자화문서', '대면녹취 시스템', '순환보직']"
85,85,,"1. 서류 복잡
2. 녹취 필요","1. 시스템 구축
2. 내부 통제",,,"1. 미온적 태도
2. 업무 개선",[''],"['서류 복잡', '녹취 필요']","['시스템 구축', '내부 통제']",[''],[''],"['미온적 태도', '업무 개선']","['서류 복잡', '녹취 필요', '시스템 구축', '내부 통제', '미온적 태도', '업무 개선']"
86,86,,"1. 서류 복잡성
2. 리스크 있는 상품",,,,"1. 인사 문제
2. 공정한 인력배치
3. 성과 부서 감사",[''],"['서류 복잡성', '리스크 있는 상품']",[''],[''],[''],"['인사 문제', '공정한 인력배치', '성과 부서 감사']","['서류 복잡성', '리스크 있는 상품', '인사 문제', '공정한 인력배치', '성과 부서 감사']"
87,87,"1. 고객 동의
2. 관리자 등록
3. 유치자 등록","1. 녹취 중복
2. 서류 중복
3. 시간 과다 소요",,"1. 주문증빙
2. 주문",,"1. 회사북
2. 자금 사용
3. 점검 필요","['고객 동의', '관리자 등록', '유치자 등록']","['녹취 중복', '서류 중복', '시간 과다 소요']",[''],"['주문증빙', '주문']",[''],"['회사북', '자금 사용', '점검 필요']","['고객 동의', '관리자 등록', '유치자 등록', '녹취 중복', '서류 중복', '시간 과다 소요', '주문증빙', '주문', '회사북', '자금 사용', '점검 필요']"
88,88,,,,,,"1. 인적쇄신
2. 사건사고 반복
3. 임원 모럴헤저드
4. 관리 시스템 부재
5. 고객 불만",[''],[''],[''],[''],[''],"['인적쇄신', '사건사고 반복', '임원 모럴헤저드', '관리 시스템 부재', '고객 불만']","['인적쇄신', '사건사고 반복', '임원 모럴헤저드', '관리 시스템 부재', '고객 불만']"
90,90,,,,,,"1. 불만
2. 전반적인 상황
3. 부당한 대우",[''],[''],[''],[''],[''],"['불만', '전반적인 상황', '부당한 대우']","['불만', '전반적인 상황', '부당한 대우']"
91,91,,,,,,"1. 내부통제
2. 재정립
3. 본사",[''],[''],[''],[''],[''],"['내부통제', '재정립', '본사']","['내부통제', '재정립', '본사']"
92,92,,,,,,"1. 전문성 결여
2. 반복적 사건 사고
3. 비전문성 발령",[''],[''],[''],[''],[''],"['전문성 결여', '반복적 사건 사고', '비전문성 발령']","['전문성 결여', '반복적 사건 사고', '비전문성 발령']"
93,93,,,,,,"1. 지점 감사
2. 내부통제 과도
3. 고객 신뢰",[''],[''],[''],[''],[''],"['지점 감사', '내부통제 과도', '고객 신뢰']","['지점 감사', '내부통제 과도', '고객 신뢰']"
94,94,"1. 승인 프로세스
2. 업무 시스템
3. 시뮬레이션 정확도",,"1. 시스템 개선
2. 전자문서 고도화
3. 전자화문서",,,"1. 순환보직
2. 직원 의지","['승인 프로세스', '업무 시스템', '시뮬레이션 정확도']",[''],"['시스템 개선', '전자문서 고도화', '전자화문서']",[''],[''],"['순환보직', '직원 의지']","['승인 프로세스', '업무 시스템', '시뮬레이션 정확도', '시스템 개선', '전자문서 고도화', '전자화문서', '순환보직', '직원 의지']"
95,95,"1. 승인 프로세스
2. 대주주 대출
3. 업무 시스템",1. ,"1. 해외주식 프로세스
2. 공모주 프로세스",1. ,1. ,1. ,"['승인 프로세스', '대주주 대출', '업무 시스템']",[''],"['해외주식 프로세스', '공모주 프로세스']",[''],[''],[''],"['승인 프로세스', '대주주 대출', '업무 시스템', '해외주식 프로세스', '공모주 프로세스']"
96,96,,,"1. 업무시스템 일원화
2. 매매시스템
3. 삼성증권 비교",,,"1. 타사 벤치마킹
2. 수익구조 개선",[''],[''],"['업무시스템 일원화', '매매시스템', '삼성증권 비교']",[''],[''],"['타사 벤치마킹', '수익구조 개선']","['업무시스템 일원화', '매매시스템', '삼성증권 비교', '타사 벤치마킹', '수익구조 개선']"
97,97,"1. 고객 분쟁 예방
2. 상품가입서류
3. 대면녹취 점검",,"1. ODS 시스템
2. 신분증 인식
3. 녹취 시스템 개선",,,"1. 관리 분리
2. 인센티브 제도
3. 팀별 인센티브","['고객 분쟁 예방', '상품가입서류', '대면녹취 점검']",[''],"['ODS 시스템', '신분증 인식', '녹취 시스템 개선']",[''],[''],"['관리 분리', '인센티브 제도', '팀별 인센티브']","['고객 분쟁 예방', '상품가입서류', '대면녹취 점검', 'ODS 시스템', '신분증 인식', '녹취 시스템 개선', '관리 분리', '인센티브 제도', '팀별 인센티브']"
98,98,"1. 승인 프로세스
2. 대주주 대출
3. 주식 시뮬레이션",,"1. 해외주식 프로세스
2. 데이터 검증
3. 연금 저축 이전
4. 교육 전담조직",,,,"['승인 프로세스', '대주주 대출', '주식 시뮬레이션']",[''],"['해외주식 프로세스', '데이터 검증', '연금 저축 이전', '교육 전담조직']",[''],[''],[''],"['승인 프로세스', '대주주 대출', '주식 시뮬레이션', '해외주식 프로세스', '데이터 검증', '연금 저축 이전', '교육 전담조직']"
99,99,"1. 승인 프로세스
2. 대주주 대출 시스템
3. 서류 보관 리스크",,"1. 해외주식 프로세스
2. 전자문서 고도화",,,"1. 순환보직
2. 인수인계서","['승인 프로세스', '대주주 대출 시스템', '서류 보관 리스크']",[''],"['해외주식 프로세스', '전자문서 고도화']",[''],[''],"['순환보직', '인수인계서']","['승인 프로세스', '대주주 대출 시스템', '서류 보관 리스크', '해외주식 프로세스', '전자문서 고도화', '순환보직', '인수인계서']"
100,100,"1. 공지사항 문제
2. 본사 부서 연락
3. 고객 불만","1. 내부통제 수준
2. 전산시스템 불안
3. 영업직원 인식","1. 수기처리 업무
2. 본사부서 전문성
3. 콜백 미비",1. ,1. ,"1. 인식 전환
2. 조직문화 개선","['공지사항 문제', '본사 부서 연락', '고객 불만']","['내부통제 수준', '전산시스템 불안', '영업직원 인식']","['수기처리 업무', '본사부서 전문성', '콜백 미비']",[''],[''],"['인식 전환', '조직문화 개선']","['공지사항 문제', '본사 부서 연락', '고객 불만', '내부통제 수준', '전산시스템 불안', '영업직원 인식', '수기처리 업무', '본사부서 전문성', '콜백 미비', '인식 전환', '조직문화 개선']"
101,101,,,,,,"1. 본사조직
2. 내부통제
3. 개선 요구",[''],[''],[''],[''],[''],"['본사조직', '내부통제', '개선 요구']","['본사조직', '내부통제', '개선 요구']"
102,102,,,,,,"1. 힘있는 부서
2. 자기들만의 리그
3. KPI 검증
4. 경영감사 필요",[''],[''],[''],[''],[''],"['힘있는 부서', '자기들만의 리그', 'KPI 검증', '경영감사 필요']","['힘있는 부서', '자기들만의 리그', 'KPI 검증', '경영감사 필요']"
103,103,,,,,,"1. 인사 문제
2. 법인카드 통제
3. 경력직 채용
4. 진급 어려움
5. 부서 이동 문제",[''],[''],[''],[''],[''],"['인사 문제', '법인카드 통제', '경력직 채용', '진급 어려움', '부서 이동 문제']","['인사 문제', '법인카드 통제', '경력직 채용', '진급 어려움', '부서 이동 문제']"
104,104,"1. 업무처리 시스템
2. 예외업무
3. 업무매뉴얼","1. 미비 서류
2. 보완 재요청
3. 비교 어려움",,,,,"['업무처리 시스템', '예외업무', '업무매뉴얼']","['미비 서류', '보완 재요청', '비교 어려움']",[''],[''],[''],[''],"['업무처리 시스템', '예외업무', '업무매뉴얼', '미비 서류', '보완 재요청', '비교 어려움']"
105,105,"1. 해외주식
2. 입고 단가
3. 수작업 리스크",,,,,,"['해외주식', '입고 단가', '수작업 리스크']",[''],[''],[''],[''],[''],"['해외주식', '입고 단가', '수작업 리스크']"
106,106,,"1. 영업환경
2. 신규고객 부족
3. 내부통제 인식","1. 내부통제 절차
2. 미비서류 보완",,,"1. 금융사고
2. 내부통제 점검",[''],"['영업환경', '신규고객 부족', '내부통제 인식']","['내부통제 절차', '미비서류 보완']",[''],[''],"['금융사고', '내부통제 점검']","['영업환경', '신규고객 부족', '내부통제 인식', '내부통제 절차', '미비서류 보완', '금융사고', '내부통제 점검']"
107,107,,,"1. 수기 작업
2. 해외주식 단가
3. 민원",,,"1. 결제라인
2. 보고시스템
3. 강화",[''],[''],"['수기 작업', '해외주식 단가', '민원']",[''],[''],"['결제라인', '보고시스템', '강화']","['수기 작업', '해외주식 단가', '민원', '결제라인', '보고시스템', '강화']"
109,109,"1. 금융상품
2. 완전판매
3. 절차 준수","1. 내부통제
2. 준수","1. 해외주식
2. 내부통제
3. 절차 미흡",,,"1. 전문성
2. 공정 인사
3. 성과급제도
4. 내부통제 교육","['금융상품', '완전판매', '절차 준수']","['내부통제', '준수']","['해외주식', '내부통제', '절차 미흡']",[''],[''],"['전문성', '공정 인사', '성과급제도', '내부통제 교육']","['금융상품', '완전판매', '절차 준수', '내부통제', '준수', '해외주식', '내부통제', '절차 미흡', '전문성', '공정 인사', '성과급제도', '내부통제 교육']"
110,110,,"1. 내부통제
2. 법규준수
3. 인식 수준","1. 전산오류
2. IT 문제
3. 본사 불신",,,"1. 영업 순환 형평성
2. 초보 교육 환경
3. 과도한 KPI 독려",[''],"['내부통제', '법규준수', '인식 수준']","['전산오류', 'IT 문제', '본사 불신']",[''],[''],"['영업 순환 형평성', '초보 교육 환경', '과도한 KPI 독려']","['내부통제', '법규준수', '인식 수준', '전산오류', 'IT 문제', '본사 불신', '영업 순환 형평성', '초보 교육 환경', '과도한 KPI 독려']"
111,111,,,,,,"1. KPI
2. 수익
3. 이슈상품",[''],[''],[''],[''],[''],"['KPI', '수익', '이슈상품']","['KPI', '수익', '이슈상품']"
112,112,,"1. 해외주식
2. 가이드 부족
3. 문의 어려움",,,,,[''],"['해외주식', '가이드 부족', '문의 어려움']",[''],[''],[''],[''],"['해외주식', '가이드 부족', '문의 어려움']"
113,113,,"1. 내부통제
2. 문제 없음
3. 미인지 부분","1. 전자문서
2. 연동
3. 개선 필요",,,"1. 금융사고
2. 마인드 변화
3. 예방",[''],"['내부통제', '문제 없음', '미인지 부분']","['전자문서', '연동', '개선 필요']",[''],[''],"['금융사고', '마인드 변화', '예방']","['내부통제', '문제 없음', '미인지 부분', '전자문서', '연동', '개선 필요', '금융사고', '마인드 변화', '예방']"
114,114,,,"1. 내부통제
2. 엄격함
3. 개선 필요",,,"1. 금융사고
2. 잘못된 부분
3. 메커니즘 설명",[''],[''],"['내부통제', '엄격함', '개선 필요']",[''],[''],"['금융사고', '잘못된 부분', '메커니즘 설명']","['내부통제', '엄격함', '개선 필요', '금융사고', '잘못된 부분', '메커니즘 설명']"
115,115,,"1. 내부통제 교육
2. 금전대차 위반
3. 인식 부족","1. 서류 간소화
2. 녹취 에러
3. 시스템 불안정",,,"1. 관행적 업무처리
2. 내부통제 강화",[''],"['내부통제 교육', '금전대차 위반', '인식 부족']","['서류 간소화', '녹취 에러', '시스템 불안정']",[''],[''],"['관행적 업무처리', '내부통제 강화']","['내부통제 교육', '금전대차 위반', '인식 부족', '서류 간소화', '녹취 에러', '시스템 불안정', '관행적 업무처리', '내부통제 강화']"
116,116,"1. 신용 대출
2. 규제","1. 업무일일마감
2. 시스템 개선","1. 규정
2. 융통성
3. 거액고객",,,"1. 내부통제
2. 시스템 부재
3. 근거 불명확","['신용 대출', '규제']","['업무일일마감', '시스템 개선']","['규정', '융통성', '거액고객']",[''],[''],"['내부통제', '시스템 부재', '근거 불명확']","['신용 대출', '규제', '업무일일마감', '시스템 개선', '규정', '융통성', '거액고객', '내부통제', '시스템 부재', '근거 불명확']"
117,117,"1. 신용 대출 규제
2. 고객 이탈",,,,,"1. 성과주의
2. 인센티브 문제
3. 엄격한 내부통제
4. 우수 인재 무시
5. 외부 채용 문제","['신용 대출 규제', '고객 이탈']",[''],[''],[''],[''],"['성과주의', '인센티브 문제', '엄격한 내부통제', '우수 인재 무시', '외부 채용 문제']","['신용 대출 규제', '고객 이탈', '성과주의', '인센티브 문제', '엄격한 내부통제', '우수 인재 무시', '외부 채용 문제']"
118,118,"1. 신용 대출
2. 과도한 규제
3. 높은 리스크",,"1. 제안서 제한
2. 영업제안 불편
3. 대안 필요",,,"1. 중복 감사
2. 정신적 부담
3. 부서별 차별 감사 필요","['신용 대출', '과도한 규제', '높은 리스크']",[''],"['제안서 제한', '영업제안 불편', '대안 필요']",[''],[''],"['중복 감사', '정신적 부담', '부서별 차별 감사 필요']","['신용 대출', '과도한 규제', '높은 리스크', '제안서 제한', '영업제안 불편', '대안 필요', '중복 감사', '정신적 부담', '부서별 차별 감사 필요']"
119,119,"1. 상품 판매
2. 리스크
3. 미비","1. 규정 준수
2. 스마트PB
3. 인식","1. 본사부서
2. 업무 미루기
3. 절차 개선",,,"1. 정,부제도
2. GMS
3. IB
4. 전산 개발","['상품 판매', '리스크', '미비']","['규정 준수', '스마트PB', '인식']","['본사부서', '업무 미루기', '절차 개선']",[''],[''],"['정,부제도', 'GMS', 'IB', '전산 개발']","['상품 판매', '리스크', '미비', '규정 준수', '스마트PB', '인식', '본사부서', '업무 미루기', '절차 개선', '정,부제도', 'GMS', 'IB', '전산 개발']"
120,120,"1. 실적
2. 수익 압박
3. 리스크",,"1. 조직문화
2. 내부통제
3. 개선","1. 외부영업
2. 대리주문
3. 부적절한 업무",,"1. 고객 신뢰 추락
2. 직원사기 저하
3. 공정한 평가","['실적', '수익 압박', '리스크']",[''],"['조직문화', '내부통제', '개선']","['외부영업', '대리주문', '부적절한 업무']",[''],"['고객 신뢰 추락', '직원사기 저하', '공정한 평가']","['실적', '수익 압박', '리스크', '조직문화', '내부통제', '개선', '외부영업', '대리주문', '부적절한 업무', '고객 신뢰 추락', '직원사기 저하', '공정한 평가']"
121,121,"1. 금융상품
2. 불완전 판매
3. 리스크","1. 고령자 상품
2. 숙려제도
3. 수익 축소","1. 상품 경쟁력
2. 투자상품
3. 신탁부",,,"1. 점검 필요
2. 사모상품
3. 회사 관심 부족","['금융상품', '불완전 판매', '리스크']","['고령자 상품', '숙려제도', '수익 축소']","['상품 경쟁력', '투자상품', '신탁부']",[''],[''],"['점검 필요', '사모상품', '회사 관심 부족']","['금융상품', '불완전 판매', '리스크', '고령자 상품', '숙려제도', '수익 축소', '상품 경쟁력', '투자상품', '신탁부', '점검 필요', '사모상품', '회사 관심 부족']"
122,122,"1. 책임자 승인
2. 해외주식 단가
3. 시스템 개선",,"1. 전자문서
2. 결재 편의성
3. 화면 개선",,,"1. 순환보직
2. 본사부서
3. 장기근무","['책임자 승인', '해외주식 단가', '시스템 개선']",[''],"['전자문서', '결재 편의성', '화면 개선']",[''],[''],"['순환보직', '본사부서', '장기근무']","['책임자 승인', '해외주식 단가', '시스템 개선', '전자문서', '결재 편의성', '화면 개선', '순환보직', '본사부서', '장기근무']"
123,123,"1. 해외주식
2. 프로세스 개선
3. 매뉴얼","1. 업데이트 필요
2. 법규 재개정
3. 업무매뉴얼","1. 매뉴얼 통합
2. 업무 가이드",,,"1. 본사 직원
2. 업무 처리
3. 마인드 개선","['해외주식', '프로세스 개선', '매뉴얼']","['업데이트 필요', '법규 재개정', '업무매뉴얼']","['매뉴얼 통합', '업무 가이드']",[''],[''],"['본사 직원', '업무 처리', '마인드 개선']","['해외주식', '프로세스 개선', '매뉴얼', '업데이트 필요', '법규 재개정', '업무매뉴얼', '매뉴얼 통합', '업무 가이드', '본사 직원', '업무 처리', '마인드 개선']"
124,124,"1. 책임자 승인 프로세스
2. 시스템 개선
3. 매뉴얼 등재","1. 온라인 거래
2. 고객 통화
3. 상황 파악 어려움",,,,"1. 업무능력 향상
2. 순환보직 필요
3. PWM센터","['책임자 승인 프로세스', '시스템 개선', '매뉴얼 등재']","['온라인 거래', '고객 통화', '상황 파악 어려움']",[''],[''],[''],"['업무능력 향상', '순환보직 필요', 'PWM센터']","['책임자 승인 프로세스', '시스템 개선', '매뉴얼 등재', '온라인 거래', '고객 통화', '상황 파악 어려움', '업무능력 향상', '순환보직 필요', 'PWM센터']"
125,125,"1. 신용 대출
2. 규제
3. 과도",,,,,"1. 벤치마킹
2. 성과한도
3. 운용한도
4. 사고 공유
5. 시스템
6. 프로세스","['신용 대출', '규제', '과도']",[''],[''],[''],[''],"['벤치마킹', '성과한도', '운용한도', '사고 공유', '시스템', '프로세스']","['신용 대출', '규제', '과도', '벤치마킹', '성과한도', '운용한도', '사고 공유', '시스템', '프로세스']"
126,126,"1. 신용 대출
2. 규제
3. 리스크",,"1. 문자 발송
2. 예시글 제공
3. 지점 영업직원",,,"1. 표준화
2. 지점 지원
3. 내부통제
4. 규정 준수
5. 융통성","['신용 대출', '규제', '리스크']",[''],"['문자 발송', '예시글 제공', '지점 영업직원']",[''],[''],"['표준화', '지점 지원', '내부통제', '규정 준수', '융통성']","['신용 대출', '규제', '리스크', '문자 발송', '예시글 제공', '지점 영업직원', '표준화', '지점 지원', '내부통제', '규정 준수', '융통성']"
127,127,1. ,1. ,1. ,1. ,1. ,"1. 규정
2. 보신주의
3. 융통성",[''],[''],[''],[''],[''],"['규정', '보신주의', '융통성']","['규정', '보신주의', '융통성']"
128,128,"1. 주식
2. 주문 실수
3. 상품 불완전 판매",,1. 형식적인 내부통제,"1. 승인 절차
2. 대량 메일 발송",,"1. 회사 고유 자금 운용
2. 홀세일","['주식', '주문 실수', '상품 불완전 판매']",[''],['형식적인 내부통제'],"['승인 절차', '대량 메일 발송']",[''],"['회사 고유 자금 운용', '홀세일']","['주식', '주문 실수', '상품 불완전 판매', '형식적인 내부통제', '승인 절차', '대량 메일 발송', '회사 고유 자금 운용', '홀세일']"
129,129,"1. 주문증빙
2. 관리자 등록
3. 시장 불확실성","1. 선관의무
2. 이해상충",1. ,1. ,1. ,"1. 문제점 지속
2. 실행의지","['주문증빙', '관리자 등록', '시장 불확실성']","['선관의무', '이해상충']",[''],[''],[''],"['문제점 지속', '실행의지']","['주문증빙', '관리자 등록', '시장 불확실성', '선관의무', '이해상충', '문제점 지속', '실행의지']"
130,130,"1. 승인 프로세스 개선
2. 단가 입력 개선
3. 전자직인 날인 이슈","1. 업데이트 필요
2. 공문 안내 필요
3. 매뉴얼 등재 미흡","1. 본사 선대응
2. 회수 전담조직 필요
3. 담당자 지정제도 개선",,,"1. 내부통제 시스템 필요
2. 순환보직 체계 필요","['승인 프로세스 개선', '단가 입력 개선', '전자직인 날인 이슈']","['업데이트 필요', '공문 안내 필요', '매뉴얼 등재 미흡']","['본사 선대응', '회수 전담조직 필요', '담당자 지정제도 개선']",[''],[''],"['내부통제 시스템 필요', '순환보직 체계 필요']","['승인 프로세스 개선', '단가 입력 개선', '전자직인 날인 이슈', '업데이트 필요', '공문 안내 필요', '매뉴얼 등재 미흡', '본사 선대응', '회수 전담조직 필요', '담당자 지정제도 개선', '내부통제 시스템 필요', '순환보직 체계 필요']"
131,131,"1. 프로세스 개선
2. 승인 프로세스
3. 해외주식 단가","1. 화면 업데이트
2. 업무 변경
3. 매뉴얼 등재 부족","1. 절차 일원화
2. 매뉴얼 제공",,,"1. 본사 직원
2. 영업점 대응
3. 마인드 개선","['프로세스 개선', '승인 프로세스', '해외주식 단가']","['화면 업데이트', '업무 변경', '매뉴얼 등재 부족']","['절차 일원화', '매뉴얼 제공']",[''],[''],"['본사 직원', '영업점 대응', '마인드 개선']","['프로세스 개선', '승인 프로세스', '해외주식 단가', '화면 업데이트', '업무 변경', '매뉴얼 등재 부족', '절차 일원화', '매뉴얼 제공', '본사 직원', '영업점 대응', '마인드 개선']"
132,132,,,"1. 녹취 누락 오류
2. 필수어 점검
3. 업무개선","1. 골드넷+
2. 형식적 업무
3. 중요 업무 점검","1. KPI 목표
2. 공정성 부족
3. 전략 과제 변화","1. 지나친 내부통제
2. 작은 실수
3. 숨김 우려",[''],[''],"['녹취 누락 오류', '필수어 점검', '업무개선']","['골드넷+', '형식적 업무', '중요 업무 점검']","['KPI 목표', '공정성 부족', '전략 과제 변화']","['지나친 내부통제', '작은 실수', '숨김 우려']","['녹취 누락 오류', '필수어 점검', '업무개선', '골드넷+', '형식적 업무', '중요 업무 점검', 'KPI 목표', '공정성 부족', '전략 과제 변화', '지나친 내부통제', '작은 실수', '숨김 우려']"
133,133,"1. 내부통제
2. 고객 불편
3. 리스크 증가",,,"1. CRM
2. 관행적 업무","1. KPI
2. 리스크 증가
3. 목표 유연성","1. 온정주의
2. 외부인력 관리
3. 회사 자부심","['내부통제', '고객 불편', '리스크 증가']",[''],[''],"['CRM', '관행적 업무']","['KPI', '리스크 증가', '목표 유연성']","['온정주의', '외부인력 관리', '회사 자부심']","['내부통제', '고객 불편', '리스크 증가', 'CRM', '관행적 업무', 'KPI', '리스크 증가', '목표 유연성', '온정주의', '외부인력 관리', '회사 자부심']"
134,134,,,"1. 녹취
2. 불편한 표현
3. 규정 준수","1. 계좌 잔고
2. 원천징수 영수증
3. 리스크","1. KPI 전략과제
2. 무리한 권유
3. 리스크 증가","1. 전략방향
2. 일관성
3. 고객 중심",[''],[''],"['녹취', '불편한 표현', '규정 준수']","['계좌 잔고', '원천징수 영수증', '리스크']","['KPI 전략과제', '무리한 권유', '리스크 증가']","['전략방향', '일관성', '고객 중심']","['녹취', '불편한 표현', '규정 준수', '계좌 잔고', '원천징수 영수증', '리스크', 'KPI 전략과제', '무리한 권유', '리스크 증가', '전략방향', '일관성', '고객 중심']"
135,135,1. ,1. ,"1. Smeet 절차 간소화
2. KPI 재고 필요
3. 직원 역량 반영","1. 역량 강화 교육
2. 증권사관학교
3. 주니어 역량 강화",1. ,"1. 임원 균형감 부족
2. 내부 전문가 육성
3. 책임자 양성 시스템",[''],[''],"['Smeet 절차 간소화', 'KPI 재고 필요', '직원 역량 반영']","['역량 강화 교육', '증권사관학교', '주니어 역량 강화']",[''],"['임원 균형감 부족', '내부 전문가 육성', '책임자 양성 시스템']","['Smeet 절차 간소화', 'KPI 재고 필요', '직원 역량 반영', '역량 강화 교육', '증권사관학교', '주니어 역량 강화', '임원 균형감 부족', '내부 전문가 육성', '책임자 양성 시스템']"
136,136,,"1. 형식적 내부통제
2. 현장 이행 부족
3. 실적 우수자 관대함","1. 문제 대응 부족
2. 영업형 지점장 문제
3. 불균형 문제",,,"1. 정책 급진적 추진
2. 협업 및 포용
3. KPI 문제
4. 본사 분위기 확산",[''],"['형식적 내부통제', '현장 이행 부족', '실적 우수자 관대함']","['문제 대응 부족', '영업형 지점장 문제', '불균형 문제']",[''],[''],"['정책 급진적 추진', '협업 및 포용', 'KPI 문제', '본사 분위기 확산']","['형식적 내부통제', '현장 이행 부족', '실적 우수자 관대함', '문제 대응 부족', '영업형 지점장 문제', '불균형 문제', '정책 급진적 추진', '협업 및 포용', 'KPI 문제', '본사 분위기 확산']"
137,137,,"1. 고객 불만
2. 친밀감 형성
3. 절차 준수","1. 실물이전
2. 시스템 개선
3. 절차 불편",,,"1. 정보 소통
2. 회사 위상
3. 쉬쉬하는 분위기",[''],"['고객 불만', '친밀감 형성', '절차 준수']","['실물이전', '시스템 개선', '절차 불편']",[''],[''],"['정보 소통', '회사 위상', '쉬쉬하는 분위기']","['고객 불만', '친밀감 형성', '절차 준수', '실물이전', '시스템 개선', '절차 불편', '정보 소통', '회사 위상', '쉬쉬하는 분위기']"
138,138,"1. 금융상품
2. 녹음 기능
3. 정보 누락 방지",,"1. 수작업 이메일
2. 사고 가능성
3. 해외 업무",,,"1. 통제 부서
2. 시스템화
3. 엑셀 관리","['금융상품', '녹음 기능', '정보 누락 방지']",[''],"['수작업 이메일', '사고 가능성', '해외 업무']",[''],[''],"['통제 부서', '시스템화', '엑셀 관리']","['금융상품', '녹음 기능', '정보 누락 방지', '수작업 이메일', '사고 가능성', '해외 업무', '통제 부서', '시스템화', '엑셀 관리']"
139,139,"1. 승인 프로세스
2. 개선 필요",,"1. 시스템 개선
2. 데이터 정확도
3. 전자문서
4. 대출 시스템
5. 실물인수도
6. 신규 업무 안내",,,,"['승인 프로세스', '개선 필요']",[''],"['시스템 개선', '데이터 정확도', '전자문서', '대출 시스템', '실물인수도', '신규 업무 안내']",[''],[''],[''],"['승인 프로세스', '개선 필요', '시스템 개선', '데이터 정확도', '전자문서', '대출 시스템', '실물인수도', '신규 업무 안내']"
140,140,"1. 실무 교육
2. ODS 시스템
3. 녹취 장비 문제",1. ,1. ,1. ,1. ,"1. 변화 부족
2. 사기 저하","['실무 교육', 'ODS 시스템', '녹취 장비 문제']",[''],[''],[''],[''],"['변화 부족', '사기 저하']","['실무 교육', 'ODS 시스템', '녹취 장비 문제', '변화 부족', '사기 저하']"
141,141,"1. 승인 프로세스
2. 개선 필요
3. 책임자 부재","1. 인식 개선
2. 관련 교육
3. 스캔 저장
4. 불시 감사","1. 시스템 개선
2. 이벤트 공지
3. 전자문서 고도화
4. 프로세스 개선",1. ,1. ,1. ,"['승인 프로세스', '개선 필요', '책임자 부재']","['인식 개선', '관련 교육', '스캔 저장', '불시 감사']","['시스템 개선', '이벤트 공지', '전자문서 고도화', '프로세스 개선']",[''],[''],[''],"['승인 프로세스', '개선 필요', '책임자 부재', '인식 개선', '관련 교육', '스캔 저장', '불시 감사', '시스템 개선', '이벤트 공지', '전자문서 고도화', '프로세스 개선']"
142,142,"1. 승인 프로세스
2. 데이터 정확성
3. 리스크 노출",,"1. 단가 입력
2. 매뉴얼
3. 전자문서
4. 전자화문서",,,,"['승인 프로세스', '데이터 정확성', '리스크 노출']",[''],"['단가 입력', '매뉴얼', '전자문서', '전자화문서']",[''],[''],[''],"['승인 프로세스', '데이터 정확성', '리스크 노출', '단가 입력', '매뉴얼', '전자문서', '전자화문서']"
143,143,,,,,,"1. 인력배치 문제
2. 업무마감 체크리스트
3. 전산화 필요
4. KPI 과도",[''],[''],[''],[''],[''],"['인력배치 문제', '업무마감 체크리스트', '전산화 필요', 'KPI 과도']","['인력배치 문제', '업무마감 체크리스트', '전산화 필요', 'KPI 과도']"
144,144,"1. 전략부재
2. 전략과제",,,,,"1. 전략부재
2. 평판리스크
3. 내부통제 사고","['전략부재', '전략과제']",[''],[''],[''],[''],"['전략부재', '평판리스크', '내부통제 사고']","['전략부재', '전략과제', '전략부재', '평판리스크', '내부통제 사고']"
145,145,"1. 투상 인력
2. 업무 과중
3. 직급 충원",,,,,"1. 내부통제 강도
2. 평판리스크
3. 본사부서 느슨한 통제","['투상 인력', '업무 과중', '직급 충원']",[''],[''],[''],[''],"['내부통제 강도', '평판리스크', '본사부서 느슨한 통제']","['투상 인력', '업무 과중', '직급 충원', '내부통제 강도', '평판리스크', '본사부서 느슨한 통제']"
146,146,"1. 인적 불균형
2. 업무 과중
3. 비효율",,"1. 업무 구분
2. 컴플이슈
3. 사고 발생",,,"1. 조직 시스템
2. 내부통제
3. 컴플이슈","['인적 불균형', '업무 과중', '비효율']",[''],"['업무 구분', '컴플이슈', '사고 발생']",[''],[''],"['조직 시스템', '내부통제', '컴플이슈']","['인적 불균형', '업무 과중', '비효율', '업무 구분', '컴플이슈', '사고 발생', '조직 시스템', '내부통제', '컴플이슈']"
147,147,"1. 업무 과중
2. 대외영업 위축
3. 명확한 기준",,,,,"1. 내부통제 강도
2. 고객 이탈
3. 본사부서 갑질","['업무 과중', '대외영업 위축', '명확한 기준']",[''],[''],[''],[''],"['내부통제 강도', '고객 이탈', '본사부서 갑질']","['업무 과중', '대외영업 위축', '명확한 기준', '내부통제 강도', '고객 이탈', '본사부서 갑질']"
148,148,"1. 대출 기준 축소
2. 대외영업 위축",,,,,"1. 본사부서 행정
2. 보여주기식
3. 현장 이해 부족
4. 대안 제시 없음","['대출 기준 축소', '대외영업 위축']",[''],[''],[''],[''],"['본사부서 행정', '보여주기식', '현장 이해 부족', '대안 제시 없음']","['대출 기준 축소', '대외영업 위축', '본사부서 행정', '보여주기식', '현장 이해 부족', '대안 제시 없음']"
149,149,"1. 승인 프로세스 개선
2. SFA 프로그램 개선
3. 무담보 미수채권 회수
4. 선물옵션 전문가",,"1. 해외주식 단가 입력
2. 비거주외국인 계약 관리
3. 고객 투자성향 정보",,,1. 순환보직,"['승인 프로세스 개선', 'SFA 프로그램 개선', '무담보 미수채권 회수', '선물옵션 전문가']",[''],"['해외주식 단가 입력', '비거주외국인 계약 관리', '고객 투자성향 정보']",[''],[''],['순환보직'],"['승인 프로세스 개선', 'SFA 프로그램 개선', '무담보 미수채권 회수', '선물옵션 전문가', '해외주식 단가 입력', '비거주외국인 계약 관리', '고객 투자성향 정보', '순환보직']"
150,150,"1. 승인 프로세스
2. 권한 부여
3. 지점장",1. ,"1. 시스템 개선
2. 망고매뉴얼","1. 고스트PC
2. 센터장 승인",1. ,1. ,"['승인 프로세스', '권한 부여', '지점장']",[''],"['시스템 개선', '망고매뉴얼']","['고스트PC', '센터장 승인']",[''],[''],"['승인 프로세스', '권한 부여', '지점장', '시스템 개선', '망고매뉴얼', '고스트PC', '센터장 승인']"
151,151,"1. 반대매매
2. 시뮬레이션 데이터
3. 전문가 부재",,"1. 고객계좌 관리
2. 시뮬레이션 정확도
3. 선물옵션 전문가",,,1. 순환보직,"['반대매매', '시뮬레이션 데이터', '전문가 부재']",[''],"['고객계좌 관리', '시뮬레이션 정확도', '선물옵션 전문가']",[''],[''],['순환보직'],"['반대매매', '시뮬레이션 데이터', '전문가 부재', '고객계좌 관리', '시뮬레이션 정확도', '선물옵션 전문가', '순환보직']"
152,152,"1. 대출 시스템
2. 수수료 확인 화면
3. 수기 작업","1. 내부통제
2. 보완","1. 해외주식 시스템
2. 단가입력 개선","1. 고스트PC
2. 승인 처리",,,"['대출 시스템', '수수료 확인 화면', '수기 작업']","['내부통제', '보완']","['해외주식 시스템', '단가입력 개선']","['고스트PC', '승인 처리']",[''],[''],"['대출 시스템', '수수료 확인 화면', '수기 작업', '내부통제', '보완', '해외주식 시스템', '단가입력 개선', '고스트PC', '승인 처리']"
153,153,,,"1. 수기 업무
2. 변경 누락
3. 전산 일괄 처리",,,,[''],[''],"['수기 업무', '변경 누락', '전산 일괄 처리']",[''],[''],[''],"['수기 업무', '변경 누락', '전산 일괄 처리']"
154,154,"1. 응대 문제
2. 자원 부족
3. 대직자 필요
4. 팀제 구성",,,,,,"['응대 문제', '자원 부족', '대직자 필요', '팀제 구성']",[''],[''],[''],[''],[''],"['응대 문제', '자원 부족', '대직자 필요', '팀제 구성']"
155,155,"1. 해외주식 이관
2. 문서 다양성
3. 비관리계좌
4. 대응 인력 부족",,"1. 해외주식 단가
2. 양도세 리스크
3. 업무 떠넘기기
4. 금융시스템부 대응",,,,"['해외주식 이관', '문서 다양성', '비관리계좌', '대응 인력 부족']",[''],"['해외주식 단가', '양도세 리스크', '업무 떠넘기기', '금융시스템부 대응']",[''],[''],[''],"['해외주식 이관', '문서 다양성', '비관리계좌', '대응 인력 부족', '해외주식 단가', '양도세 리스크', '업무 떠넘기기', '금융시스템부 대응']"
156,156,"1. 매뉴얼 통일화
2. 퇴직연금 관리 문제
3. 고객지원센터 콜 문제",1. ,"1. 수기 업무
2. 손익 소급 기준",1. ,1. ,"1. 인력배치 중요성
2. 디지털집중화팀 인력","['매뉴얼 통일화', '퇴직연금 관리 문제', '고객지원센터 콜 문제']",[''],"['수기 업무', '손익 소급 기준']",[''],[''],"['인력배치 중요성', '디지털집중화팀 인력']","['매뉴얼 통일화', '퇴직연금 관리 문제', '고객지원센터 콜 문제', '수기 업무', '손익 소급 기준', '인력배치 중요성', '디지털집중화팀 인력']"
157,157,1. 인사이동,,,,,"1. 고유자금
2. 인센티브
3. 과거 문제",['인사이동'],[''],[''],[''],[''],"['고유자금', '인센티브', '과거 문제']","['인사이동', '고유자금', '인센티브', '과거 문제']"
158,158,"1. 선물옵션
2. 전문가 부재
3. 고객 응대",,,,,"1. 평판리스크
2. 신뢰 손실
3. 시스템 문제
4. 내부 문제
5. 제도 재정비","['선물옵션', '전문가 부재', '고객 응대']",[''],[''],[''],[''],"['평판리스크', '신뢰 손실', '시스템 문제', '내부 문제', '제도 재정비']","['선물옵션', '전문가 부재', '고객 응대', '평판리스크', '신뢰 손실', '시스템 문제', '내부 문제', '제도 재정비']"
159,159,"1. 대출 만기 연장
2. 고객 안내
3. 자산 유출",,,,,"1. 내부통제 소홀
2. 본사 재정비
3. 인적쇄신","['대출 만기 연장', '고객 안내', '자산 유출']",[''],[''],[''],[''],"['내부통제 소홀', '본사 재정비', '인적쇄신']","['대출 만기 연장', '고객 안내', '자산 유출', '내부통제 소홀', '본사 재정비', '인적쇄신']"
160,160,"1. 고객 분쟁
2. 우려",,,,,"1. 본사 허술
2. 자산 이탈
3. 내부 인력 육성
4. 자기 자금 악순환
5. 내부 통제 재정립","['고객 분쟁', '우려']",[''],[''],[''],[''],"['본사 허술', '자산 이탈', '내부 인력 육성', '자기 자금 악순환', '내부 통제 재정립']","['고객 분쟁', '우려', '본사 허술', '자산 이탈', '내부 인력 육성', '자기 자금 악순환', '내부 통제 재정립']"
161,161,,,,"1. 자율과 책임
2. 지점운영
3. 만족",,,[''],[''],[''],"['자율과 책임', '지점운영', '만족']",[''],[''],"['자율과 책임', '지점운영', '만족']"
162,162,,,,,,"1. 조사 결과
2. 투명한 공개
3. 직원 실망감",[''],[''],[''],[''],[''],"['조사 결과', '투명한 공개', '직원 실망감']","['조사 결과', '투명한 공개', '직원 실망감']"
163,163,,,,,,"1. 시스템
2. 개선 필요",[''],[''],[''],[''],[''],"['시스템', '개선 필요']","['시스템', '개선 필요']"
164,164,,,"1. 개인정보 노출
2. 운용역 부재
3. 시스템 개선 필요",,,"1. 동기부여 부족
2. 영업력 하락
3. 안정주의",[''],[''],"['개인정보 노출', '운용역 부재', '시스템 개선 필요']",[''],[''],"['동기부여 부족', '영업력 하락', '안정주의']","['개인정보 노출', '운용역 부재', '시스템 개선 필요', '동기부여 부족', '영업력 하락', '안정주의']"
165,165,1. ,1. ,"1. 인계인수
2. 담당자 변경
3. 사고 위험",1. ,1. ,"1. 순환보직
2. 직무 순환
3. 주니어 기회",[''],[''],"['인계인수', '담당자 변경', '사고 위험']",[''],[''],"['순환보직', '직무 순환', '주니어 기회']","['인계인수', '담당자 변경', '사고 위험', '순환보직', '직무 순환', '주니어 기회']"
166,166,,"1. 대출계좌 관리
2. 금리 및 종목 변경
3. 명확한 기준 필요","1. 업무 담당자 응답 지연
2. 매뉴얼 업데이트
3. 투자성향 문제",,,,[''],"['대출계좌 관리', '금리 및 종목 변경', '명확한 기준 필요']","['업무 담당자 응답 지연', '매뉴얼 업데이트', '투자성향 문제']",[''],[''],[''],"['대출계좌 관리', '금리 및 종목 변경', '명확한 기준 필요', '업무 담당자 응답 지연', '매뉴얼 업데이트', '투자성향 문제']"
167,167,,,"1. 혜택
2. 발령
3. 검증","1. 실무자 의견
2. 상급자 지시
3. 부적절한 관행",,"1. 북 사용
2. 체크 부족
3. 크로스체크",[''],[''],"['혜택', '발령', '검증']","['실무자 의견', '상급자 지시', '부적절한 관행']",[''],"['북 사용', '체크 부족', '크로스체크']","['혜택', '발령', '검증', '실무자 의견', '상급자 지시', '부적절한 관행', '북 사용', '체크 부족', '크로스체크']"
168,168,"1. 내부통제
2. 영업활동
3. 소극적","1. 내부통제 준수
2. 직원 인지","1. 내부통제 절차
2. 형식적
3. 필터 기능",,,"1. 재구성
2. 인사 전략
3. 조직 개편","['내부통제', '영업활동', '소극적']","['내부통제 준수', '직원 인지']","['내부통제 절차', '형식적', '필터 기능']",[''],[''],"['재구성', '인사 전략', '조직 개편']","['내부통제', '영업활동', '소극적', '내부통제 준수', '직원 인지', '내부통제 절차', '형식적', '필터 기능', '재구성', '인사 전략', '조직 개편']"
169,169,,,"1. 교육자료
2. 정보 제공
3. 내부통제",,,"1. 관습적 절차
2. 재검토 필요",[''],[''],"['교육자료', '정보 제공', '내부통제']",[''],[''],"['관습적 절차', '재검토 필요']","['교육자료', '정보 제공', '내부통제', '관습적 절차', '재검토 필요']"
170,170,,"1. ODS 시스템
2. 대면녹취장비
3. 잡음 문제","1. 종이서류
2. 업무 개선
3. 절차 개선",,,,[''],"['ODS 시스템', '대면녹취장비', '잡음 문제']","['종이서류', '업무 개선', '절차 개선']",[''],[''],[''],"['ODS 시스템', '대면녹취장비', '잡음 문제', '종이서류', '업무 개선', '절차 개선']"
171,171,"1. 전문가 부재
2. 계좌 관리
3. 리스크",,"1. 과도한 KPI
2. 본인계좌 매매
3. 고객계좌 임의매매","1. 서류 미비
2. 롤오버 상품
3. 유선 설명",,"1. LP부서
2. 조직 개편
3. 구조적 격리","['전문가 부재', '계좌 관리', '리스크']",[''],"['과도한 KPI', '본인계좌 매매', '고객계좌 임의매매']","['서류 미비', '롤오버 상품', '유선 설명']",[''],"['LP부서', '조직 개편', '구조적 격리']","['전문가 부재', '계좌 관리', '리스크', '과도한 KPI', '본인계좌 매매', '고객계좌 임의매매', '서류 미비', '롤오버 상품', '유선 설명', 'LP부서', '조직 개편', '구조적 격리']"
172,172,,,,,,"1. 크로스체크
2. 사고 발생 확률 감소
3. 부서 간 협업 개선",[''],[''],[''],[''],[''],"['크로스체크', '사고 발생 확률 감소', '부서 간 협업 개선']","['크로스체크', '사고 발생 확률 감소', '부서 간 협업 개선']"
173,173,"1. 선물옵션 계좌
2. 지원부족
3. 전문가 배치","1. 영업직원 교육
2. 골드넷+ 활용","1. 내부통제 사례
2. 안내 강화",,,,"['선물옵션 계좌', '지원부족', '전문가 배치']","['영업직원 교육', '골드넷+ 활용']","['내부통제 사례', '안내 강화']",[''],[''],[''],"['선물옵션 계좌', '지원부족', '전문가 배치', '영업직원 교육', '골드넷+ 활용', '내부통제 사례', '안내 강화']"
174,174,"1. 오프라인 매매
2. 책임 회피","1. 내부통제
2. 비관리계좌","1. 미래에셋증권
2. 패드
3. 전산프로그램",,,"1. 성과 검증
2. 파생영업
3. 윤리준수교육","['오프라인 매매', '책임 회피']","['내부통제', '비관리계좌']","['미래에셋증권', '패드', '전산프로그램']",[''],[''],"['성과 검증', '파생영업', '윤리준수교육']","['오프라인 매매', '책임 회피', '내부통제', '비관리계좌', '미래에셋증권', '패드', '전산프로그램', '성과 검증', '파생영업', '윤리준수교육']"
175,175,"1. 선물옵션계좌
2. 전문가 부재
3. 본사부서",,"1. 내부통제 사례
2. 오프라인 교육
3. 업무 인수인계",,,"1. 주식 차입신청
2. 담보주식 리스크
3. 회수불가 리스크","['선물옵션계좌', '전문가 부재', '본사부서']",[''],"['내부통제 사례', '오프라인 교육', '업무 인수인계']",[''],[''],"['주식 차입신청', '담보주식 리스크', '회수불가 리스크']","['선물옵션계좌', '전문가 부재', '본사부서', '내부통제 사례', '오프라인 교육', '업무 인수인계', '주식 차입신청', '담보주식 리스크', '회수불가 리스크']"
176,176,"1. 승인 프로세스
2. 고객응대 개선
3. 시뮬레이션 정확도",,"1. 단가 입력 시스템
2. 전자문서 고도화
3. 종이서류 전자화",,,,"['승인 프로세스', '고객응대 개선', '시뮬레이션 정확도']",[''],"['단가 입력 시스템', '전자문서 고도화', '종이서류 전자화']",[''],[''],[''],"['승인 프로세스', '고객응대 개선', '시뮬레이션 정확도', '단가 입력 시스템', '전자문서 고도화', '종이서류 전자화']"
177,177,,"1. 녹취장비
2. 소음 문제
3. 고도화 필요",,,,,[''],"['녹취장비', '소음 문제', '고도화 필요']",[''],[''],[''],[''],"['녹취장비', '소음 문제', '고도화 필요']"
178,178,"1. 상품 판매
2. 검토 심사
3. 신뢰 부족","1. 내부통제
2. 녹취시스템
3. 규정 준수",,"1. 환율우대 서비스
2. 자동 연장
3. 민원 가능성",,"1. 본사부서
2. 전문성 향상
3. 신뢰 확보","['상품 판매', '검토 심사', '신뢰 부족']","['내부통제', '녹취시스템', '규정 준수']",[''],"['환율우대 서비스', '자동 연장', '민원 가능성']",[''],"['본사부서', '전문성 향상', '신뢰 확보']","['상품 판매', '검토 심사', '신뢰 부족', '내부통제', '녹취시스템', '규정 준수', '환율우대 서비스', '자동 연장', '민원 가능성', '본사부서', '전문성 향상', '신뢰 확보']"
179,179,,"1. 녹취 장비 고도화
2. 소음 문제
3. 추가 도구 사용 필요",,,,"1. 금융상품 경쟁력
2. 타사 대비
3. 현황 파악 필요",[''],"['녹취 장비 고도화', '소음 문제', '추가 도구 사용 필요']",[''],[''],[''],"['금융상품 경쟁력', '타사 대비', '현황 파악 필요']","['녹취 장비 고도화', '소음 문제', '추가 도구 사용 필요', '금융상품 경쟁력', '타사 대비', '현황 파악 필요']"
180,180,"1. 책임자 부재
2. 승인 프로세스
3. 개선 필요",,"1. 해외주식 단가 입력
2. 전자문서 고도화
3. 종이문서 전자화",,,,"['책임자 부재', '승인 프로세스', '개선 필요']",[''],"['해외주식 단가 입력', '전자문서 고도화', '종이문서 전자화']",[''],[''],[''],"['책임자 부재', '승인 프로세스', '개선 필요', '해외주식 단가 입력', '전자문서 고도화', '종이문서 전자화']"
181,181,"1. 대출
2. 신용업무
3. 모바일 고객
4. 담보부족
5. 설명 부족",,,"1. 사고상품 관리
2. 관행적 처리
3. MTS
4. HTS",,"1. 금융투자상품
2. 실명제
3. 스토리 관리","['대출', '신용업무', '모바일 고객', '담보부족', '설명 부족']",[''],[''],"['사고상품 관리', '관행적 처리', 'MTS', 'HTS']",[''],"['금융투자상품', '실명제', '스토리 관리']","['대출', '신용업무', '모바일 고객', '담보부족', '설명 부족', '사고상품 관리', '관행적 처리', 'MTS', 'HTS', '금융투자상품', '실명제', '스토리 관리']"
182,182,"1. 승인 프로세스
2. 책임자 부재
3. 개선 필요",,"1. 해외주식
2. 프로세스 개선
3. 전자문서 고도화
4. 문서 스캔 기준",,,,"['승인 프로세스', '책임자 부재', '개선 필요']",[''],"['해외주식', '프로세스 개선', '전자문서 고도화', '문서 스캔 기준']",[''],[''],[''],"['승인 프로세스', '책임자 부재', '개선 필요', '해외주식', '프로세스 개선', '전자문서 고도화', '문서 스캔 기준']"
183,183,"1. 랩운용
2. 수익률 리스크
3. 성과수수료 출금","1. 랩 관리자 변경
2. 고객동의
3. 내부통제",,,,"1. 직원 로열티
2. 조직문화 개선
3. 임원의 솔선수범","['랩운용', '수익률 리스크', '성과수수료 출금']","['랩 관리자 변경', '고객동의', '내부통제']",[''],[''],[''],"['직원 로열티', '조직문화 개선', '임원의 솔선수범']","['랩운용', '수익률 리스크', '성과수수료 출금', '랩 관리자 변경', '고객동의', '내부통제', '직원 로열티', '조직문화 개선', '임원의 솔선수범']"
184,184,"1. 본사 리스크
2. 책임 전가","1. 내부통제
2. 제약
3. 과도한 통제","1. 현장 경험 부족
2. 내부통제 문제
3. IPO 전문성",,,"1. 직원 사기
2. 인사 문제
3. 경력 검증","['본사 리스크', '책임 전가']","['내부통제', '제약', '과도한 통제']","['현장 경험 부족', '내부통제 문제', 'IPO 전문성']",[''],[''],"['직원 사기', '인사 문제', '경력 검증']","['본사 리스크', '책임 전가', '내부통제', '제약', '과도한 통제', '현장 경험 부족', '내부통제 문제', 'IPO 전문성', '직원 사기', '인사 문제', '경력 검증']"
185,185,,,,"1. 대직자 부재
2. 책임 회피
3. 업무 처리 어려움",,"1. 인력 확충
2. 정규직 인원 충원",[''],[''],[''],"['대직자 부재', '책임 회피', '업무 처리 어려움']",[''],"['인력 확충', '정규직 인원 충원']","['대직자 부재', '책임 회피', '업무 처리 어려움', '인력 확충', '정규직 인원 충원']"
186,186,,,,,,"1. 파견인원
2. 확충
3. 개선 필요",[''],[''],[''],[''],[''],"['파견인원', '확충', '개선 필요']","['파견인원', '확충', '개선 필요']"
187,187,,,,,,"1. 순환보직
2. 사건사고
3. 안내 및 필벌 공개",[''],[''],[''],[''],[''],"['순환보직', '사건사고', '안내 및 필벌 공개']","['순환보직', '사건사고', '안내 및 필벌 공개']"
188,188,,,,,,"1. 내부통제 강화
2. 금융상품 경쟁력
3. 수수료 구조",[''],[''],[''],[''],[''],"['내부통제 강화', '금융상품 경쟁력', '수수료 구조']","['내부통제 강화', '금융상품 경쟁력', '수수료 구조']"
189,189,,"1. 내부통제
2. 규정 준수","1. 근무기간 관리
2. 수익부서 관계",,,"1. 인력 관리
2. 견제 시스템
3. 인사 시스템",[''],"['내부통제', '규정 준수']","['근무기간 관리', '수익부서 관계']",[''],[''],"['인력 관리', '견제 시스템', '인사 시스템']","['내부통제', '규정 준수', '근무기간 관리', '수익부서 관계', '인력 관리', '견제 시스템', '인사 시스템']"
190,190,,,"1. 본사부서
2. 점심시간
3. 통화 어려움",,,"1. 성과 좋은 부서
2. 내부통제 강화
3. 정기적 감사",[''],[''],"['본사부서', '점심시간', '통화 어려움']",[''],[''],"['성과 좋은 부서', '내부통제 강화', '정기적 감사']","['본사부서', '점심시간', '통화 어려움', '성과 좋은 부서', '내부통제 강화', '정기적 감사']"
191,191,"1. 자산 리스크 관리
2. 자의적 판단
3. 가이드 매뉴얼 필요","1. 내부통제 준수
2. 어려움 존재",,,,,"['자산 리스크 관리', '자의적 판단', '가이드 매뉴얼 필요']","['내부통제 준수', '어려움 존재']",[''],[''],[''],[''],"['자산 리스크 관리', '자의적 판단', '가이드 매뉴얼 필요', '내부통제 준수', '어려움 존재']"
192,192,"1. 영업
2. 통제
3. 구비서류",,,,,1. 만족,"['영업', '통제', '구비서류']",[''],[''],[''],[''],['만족'],"['영업', '통제', '구비서류', '만족']"
193,193,"1. 보라매지점 흡수
2. 인원 증가
3. 업무 추가","1. 업무량 증가
2. 내점 없는 요구
3. 법인영업센터 흡수",,,,"1. 업무량 차이
2. 불공정한 희생 요구
3. 고지팀장 업무 과다","['보라매지점 흡수', '인원 증가', '업무 추가']","['업무량 증가', '내점 없는 요구', '법인영업센터 흡수']",[''],[''],[''],"['업무량 차이', '불공정한 희생 요구', '고지팀장 업무 과다']","['보라매지점 흡수', '인원 증가', '업무 추가', '업무량 증가', '내점 없는 요구', '법인영업센터 흡수', '업무량 차이', '불공정한 희생 요구', '고지팀장 업무 과다']"
194,194,"1. 거주 외국인
2. 해외 주식 거래
3. 고객 불만",,"1. 자기매매
2. 해외 주식 평가액
3. 거래 가능액",,,,"['거주 외국인', '해외 주식 거래', '고객 불만']",[''],"['자기매매', '해외 주식 평가액', '거래 가능액']",[''],[''],[''],"['거주 외국인', '해외 주식 거래', '고객 불만', '자기매매', '해외 주식 평가액', '거래 가능액']"
196,196,"1. IB 부서
2. 영업부
3. 고객지원센터
4. 비효율적 처리",,,,,,"['IB 부서', '영업부', '고객지원센터', '비효율적 처리']",[''],[''],[''],[''],[''],"['IB 부서', '영업부', '고객지원센터', '비효율적 처리']"
197,197,"1. 대표비밀번호
2. 내부통제
3. 불편함",1. ,1. ,1. ,1. ,"1. 직원 역할
2. 협업
3. 전략과제
4. 강점 고려
5. 자산 활용","['대표비밀번호', '내부통제', '불편함']",[''],[''],[''],[''],"['직원 역할', '협업', '전략과제', '강점 고려', '자산 활용']","['대표비밀번호', '내부통제', '불편함', '직원 역할', '협업', '전략과제', '강점 고려', '자산 활용']"
198,198,"1. 시스템 개발
2. 시간 소요
3. 업무 자동화",,"1. 매뉴얼 최신화
2. 지침 접근성
3. 규정 반영 미비",,,,"['시스템 개발', '시간 소요', '업무 자동화']",[''],"['매뉴얼 최신화', '지침 접근성', '규정 반영 미비']",[''],[''],[''],"['시스템 개발', '시간 소요', '업무 자동화', '매뉴얼 최신화', '지침 접근성', '규정 반영 미비']"
199,199,,,,,,"1. 내부통제
2. 프로세스 점검
3. 성과좋은 부서",[''],[''],[''],[''],[''],"['내부통제', '프로세스 점검', '성과좋은 부서']","['내부통제', '프로세스 점검', '성과좋은 부서']"
200,200,,"1. 차등 적용
2. 지역적 평가
3. 관리자 제도 폐쇄",,,,"1. BEP 차등 부여
2. 관리자제도 폐지",[''],"['차등 적용', '지역적 평가', '관리자 제도 폐쇄']",[''],[''],[''],"['BEP 차등 부여', '관리자제도 폐지']","['차등 적용', '지역적 평가', '관리자 제도 폐쇄', 'BEP 차등 부여', '관리자제도 폐지']"
201,201,"1. 법인계좌 대리인
2. 주문위임
3. 명확한 기준",,"1. 시스템 개선
2. 전자문서
3. 종이문서 리스크",,,,"['법인계좌 대리인', '주문위임', '명확한 기준']",[''],"['시스템 개선', '전자문서', '종이문서 리스크']",[''],[''],[''],"['법인계좌 대리인', '주문위임', '명확한 기준', '시스템 개선', '전자문서', '종이문서 리스크']"
202,202,"1. 승인 프로세스
2. 법인금융 매뉴얼
3. 신용 대출 기준
4. 온라인 거래 보고",,"1. 단가 입력 프로세스
2. 전자문서 고도화
3. 종이문서 보관 리스크",,,"1. 본사 결제부서
2. 인원 충원
3. 결제내역 크로스체크","['승인 프로세스', '법인금융 매뉴얼', '신용 대출 기준', '온라인 거래 보고']",[''],"['단가 입력 프로세스', '전자문서 고도화', '종이문서 보관 리스크']",[''],[''],"['본사 결제부서', '인원 충원', '결제내역 크로스체크']","['승인 프로세스', '법인금융 매뉴얼', '신용 대출 기준', '온라인 거래 보고', '단가 입력 프로세스', '전자문서 고도화', '종이문서 보관 리스크', '본사 결제부서', '인원 충원', '결제내역 크로스체크']"
203,203,,"1. KPI 차등 배분
2. 법인계좌 서류 보완",,,,"1. 온라인 고객 관리
2. 조직 성과 관리",[''],"['KPI 차등 배분', '법인계좌 서류 보완']",[''],[''],[''],"['온라인 고객 관리', '조직 성과 관리']","['KPI 차등 배분', '법인계좌 서류 보완', '온라인 고객 관리', '조직 성과 관리']"
204,204,"1. 금융상품
2. 채권
3. ELB
4. 직무 전환","1. 영업 전환
2. KPI",,,,,"['금융상품', '채권', 'ELB', '직무 전환']","['영업 전환', 'KPI']",[''],[''],[''],[''],"['금융상품', '채권', 'ELB', '직무 전환', '영업 전환', 'KPI']"
205,205,,"1. 내부통제
2. 센터장
3. 업무 점검",,"1. 상담일지
2. E-mail 정보
3. 프로세스 개선",,"1. 업무 세분화
2. 협업
3. 업무 단순화",[''],"['내부통제', '센터장', '업무 점검']",[''],"['상담일지', 'E-mail 정보', '프로세스 개선']",[''],"['업무 세분화', '협업', '업무 단순화']","['내부통제', '센터장', '업무 점검', '상담일지', 'E-mail 정보', '프로세스 개선', '업무 세분화', '협업', '업무 단순화']"
206,206,"1. 책임자 승인
2. 계좌 정보 등록",1. 장기 미비,"1. 프로세스 변경
2. 시스템 개선
3. 앱 화면",,,,"['책임자 승인', '계좌 정보 등록']",['장기 미비'],"['프로세스 변경', '시스템 개선', '앱 화면']",[''],[''],[''],"['책임자 승인', '계좌 정보 등록', '장기 미비', '프로세스 변경', '시스템 개선', '앱 화면']"
207,207,,,,,,"1. 부서 밀어주기
2. 상품경쟁력
3. 조직 개편 필요",[''],[''],[''],[''],[''],"['부서 밀어주기', '상품경쟁력', '조직 개편 필요']","['부서 밀어주기', '상품경쟁력', '조직 개편 필요']"
208,208,"1. 매수가격 오류
2. 손실 표시
3. 잔고 제공 변경 필요",,"1. ODS 시스템 오류
2. 시스템 개선 필요
3. 낮은 사용률",,,"1. 사고 잦음
2. 직원 사기 저하","['매수가격 오류', '손실 표시', '잔고 제공 변경 필요']",[''],"['ODS 시스템 오류', '시스템 개선 필요', '낮은 사용률']",[''],[''],"['사고 잦음', '직원 사기 저하']","['매수가격 오류', '손실 표시', '잔고 제공 변경 필요', 'ODS 시스템 오류', '시스템 개선 필요', '낮은 사용률', '사고 잦음', '직원 사기 저하']"
209,209,"1. 쪽지 전달
2. 법인계좌 등록
3. 승인 프로세스
4. 매뉴얼 일관성","1. 내부통제 미비점
2. 법규준수 인식","1. 해외주식 프로세스
2. 전자문서 시스템
3. 무담보 미수채권
4. 업무 컨트롤타워",,,,"['쪽지 전달', '법인계좌 등록', '승인 프로세스', '매뉴얼 일관성']","['내부통제 미비점', '법규준수 인식']","['해외주식 프로세스', '전자문서 시스템', '무담보 미수채권', '업무 컨트롤타워']",[''],[''],[''],"['쪽지 전달', '법인계좌 등록', '승인 프로세스', '매뉴얼 일관성', '내부통제 미비점', '법규준수 인식', '해외주식 프로세스', '전자문서 시스템', '무담보 미수채권', '업무 컨트롤타워']"
210,210,"1. 정보 유출
2. 이메일
3. 고객 민원",,"1. 해외주식
2. 시스템 개선
3. 전자문서",,,,"['정보 유출', '이메일', '고객 민원']",[''],"['해외주식', '시스템 개선', '전자문서']",[''],[''],[''],"['정보 유출', '이메일', '고객 민원', '해외주식', '시스템 개선', '전자문서']"
211,211,"1. 영업 직무 전환
2. 영업점 통제
3. 리스크 발생","1. 상품제안서
2. 신탁상품 제안
3. 내부통제 인식","1. 영업 통제
2. 개선 필요",,,"1. 예외 부서
2. 점검 필요
3. 직원 자질","['영업 직무 전환', '영업점 통제', '리스크 발생']","['상품제안서', '신탁상품 제안', '내부통제 인식']","['영업 통제', '개선 필요']",[''],[''],"['예외 부서', '점검 필요', '직원 자질']","['영업 직무 전환', '영업점 통제', '리스크 발생', '상품제안서', '신탁상품 제안', '내부통제 인식', '영업 통제', '개선 필요', '예외 부서', '점검 필요', '직원 자질']"
212,212,"1. 금융상품 세일즈
2. 전략과제
3. 전문성 부족","1. 지주사 통제
2. 카드 발급","1. 결재시스템
2. 부서 협력
3. 업무 간소화","1. 규정 숙지
2. 보고자료 요청",,"1. 부서 견제
2. 징계조치","['금융상품 세일즈', '전략과제', '전문성 부족']","['지주사 통제', '카드 발급']","['결재시스템', '부서 협력', '업무 간소화']","['규정 숙지', '보고자료 요청']",[''],"['부서 견제', '징계조치']","['금융상품 세일즈', '전략과제', '전문성 부족', '지주사 통제', '카드 발급', '결재시스템', '부서 협력', '업무 간소화', '규정 숙지', '보고자료 요청', '부서 견제', '징계조치']"
213,213,"1. 경쟁력
2. 발행어음
3. 타사","1. 직무전환
2. KPI 미반영","1. 비관리계좌
2. 관리체계
3. 자동삭제",,,"1. 예외부서 한도
2. 프론트직원 자질","['경쟁력', '발행어음', '타사']","['직무전환', 'KPI 미반영']","['비관리계좌', '관리체계', '자동삭제']",[''],[''],"['예외부서 한도', '프론트직원 자질']","['경쟁력', '발행어음', '타사', '직무전환', 'KPI 미반영', '비관리계좌', '관리체계', '자동삭제', '예외부서 한도', '프론트직원 자질']"
214,214,,,,,,"1. 금융사고
2. 법인영업 타격
3. 사고 수습
4. 회사 정상화",[''],[''],[''],[''],[''],"['금융사고', '법인영업 타격', '사고 수습', '회사 정상화']","['금융사고', '법인영업 타격', '사고 수습', '회사 정상화']"
215,215,,,,"1. 영업직원
2. 출장
3. 영업지원비",,"1. 사규 명확화
2. 본사 수익부서 관리
3. 조직 슬림화",[''],[''],[''],"['영업직원', '출장', '영업지원비']",[''],"['사규 명확화', '본사 수익부서 관리', '조직 슬림화']","['영업직원', '출장', '영업지원비', '사규 명확화', '본사 수익부서 관리', '조직 슬림화']"
216,216,"1. 법인영업
2. 리스크
3. 문제 발생",,"1. 본사부서
2. 마인드 개선
3. 내부통제",,,"1. 문제 발생
2. 사업 개선
3. 발전","['법인영업', '리스크', '문제 발생']",[''],"['본사부서', '마인드 개선', '내부통제']",[''],[''],"['문제 발생', '사업 개선', '발전']","['법인영업', '리스크', '문제 발생', '본사부서', '마인드 개선', '내부통제', '문제 발생', '사업 개선', '발전']"
218,218,"1. 법인영업
2. 리테일 영업
3. 경험 부족","1. 내부통제
2. 법인전담팀
3. 관계 형성",,,,"1. 리스크
2. 전략과제 변화
3. 융통성 부족
4. 고객 관리 연속성","['법인영업', '리테일 영업', '경험 부족']","['내부통제', '법인전담팀', '관계 형성']",[''],[''],[''],"['리스크', '전략과제 변화', '융통성 부족', '고객 관리 연속성']","['법인영업', '리테일 영업', '경험 부족', '내부통제', '법인전담팀', '관계 형성', '리스크', '전략과제 변화', '융통성 부족', '고객 관리 연속성']"
219,219,"1. KPI 면제
2. 여신대출
3. 업무 정립","1. PWM 신청
2. 기준 불명확","1. 과도한 KPI
2. 목표 부여",,,"1. KPI 평가기준
2. 인사 불합리
3. 동기 부여 부족","['KPI 면제', '여신대출', '업무 정립']","['PWM 신청', '기준 불명확']","['과도한 KPI', '목표 부여']",[''],[''],"['KPI 평가기준', '인사 불합리', '동기 부여 부족']","['KPI 면제', '여신대출', '업무 정립', 'PWM 신청', '기준 불명확', '과도한 KPI', '목표 부여', 'KPI 평가기준', '인사 불합리', '동기 부여 부족']"
220,220,,"1. 정책의 일관성
2. 방송활동 통제",1. 동일한 통제 적용,,,"1. KPI 일률적 적용
2. 개인 역량
3. 영업직원 강점",[''],"['정책의 일관성', '방송활동 통제']",['동일한 통제 적용'],[''],[''],"['KPI 일률적 적용', '개인 역량', '영업직원 강점']","['정책의 일관성', '방송활동 통제', '동일한 통제 적용', 'KPI 일률적 적용', '개인 역량', '영업직원 강점']"
221,221,,,,"1. 상품부서
2. 경쟁력 없는 상품
3. 리테일 공급",,"1. 책임 부재
2. 성과주의 문제
3. 시니어급 통제",[''],[''],[''],"['상품부서', '경쟁력 없는 상품', '리테일 공급']",[''],"['책임 부재', '성과주의 문제', '시니어급 통제']","['상품부서', '경쟁력 없는 상품', '리테일 공급', '책임 부재', '성과주의 문제', '시니어급 통제']"
222,222,,,,,,"1. 외부인사 영입
2. 단기성과
3. KPI 세분화",[''],[''],[''],[''],[''],"['외부인사 영입', '단기성과', 'KPI 세분화']","['외부인사 영입', '단기성과', 'KPI 세분화']"
223,223,,,,,,"1. 금융사고
2. KPI 정책
3. 영업환경",[''],[''],[''],[''],[''],"['금융사고', 'KPI 정책', '영업환경']","['금융사고', 'KPI 정책', '영업환경']"
224,224,,,,"1. 수익부서
2. 비수익부서
3. 경쟁력 저하
4. 직원 태도",,"1. 투명성
2. 징계결과
3. 직원 경각심
4. 회사 애정",[''],[''],[''],"['수익부서', '비수익부서', '경쟁력 저하', '직원 태도']",[''],"['투명성', '징계결과', '직원 경각심', '회사 애정']","['수익부서', '비수익부서', '경쟁력 저하', '직원 태도', '투명성', '징계결과', '직원 경각심', '회사 애정']"
225,225,,,,"1. 부서 세분화
2. 통제 어려움
3. 견제 부족",,"1. 책임의식 부족
2. 수익 탐욕
3. 단기성과주의
4. 내부통제 필요",[''],[''],[''],"['부서 세분화', '통제 어려움', '견제 부족']",[''],"['책임의식 부족', '수익 탐욕', '단기성과주의', '내부통제 필요']","['부서 세분화', '통제 어려움', '견제 부족', '책임의식 부족', '수익 탐욕', '단기성과주의', '내부통제 필요']"
226,226,"1. 채권 이자
2. 세금 입금
3. KPI 감점","1. 폰패드 오류
2. 고객 민원","1. 수기처리
2. 오류 가능성
3. 시간 소요",,,"1. 업무메뉴얼
2. 공지 부족","['채권 이자', '세금 입금', 'KPI 감점']","['폰패드 오류', '고객 민원']","['수기처리', '오류 가능성', '시간 소요']",[''],[''],"['업무메뉴얼', '공지 부족']","['채권 이자', '세금 입금', 'KPI 감점', '폰패드 오류', '고객 민원', '수기처리', '오류 가능성', '시간 소요', '업무메뉴얼', '공지 부족']"
227,227,"1. 비관리 계좌
2. 고객 응대 어려움
3. 신용만기 안내 미흡","1. 전화주문 증빙
2. 비밀번호 관리
3. 신뢰 의존","1. 시스템 헛점
2. 업무처리 불가
3. 피드백 부족",,,"1. 신뢰 관계
2. 세대 간 소통
3. 업무 전반 공유","['비관리 계좌', '고객 응대 어려움', '신용만기 안내 미흡']","['전화주문 증빙', '비밀번호 관리', '신뢰 의존']","['시스템 헛점', '업무처리 불가', '피드백 부족']",[''],[''],"['신뢰 관계', '세대 간 소통', '업무 전반 공유']","['비관리 계좌', '고객 응대 어려움', '신용만기 안내 미흡', '전화주문 증빙', '비밀번호 관리', '신뢰 의존', '시스템 헛점', '업무처리 불가', '피드백 부족', '신뢰 관계', '세대 간 소통', '업무 전반 공유']"
228,228,"1. 신용대출
2. 주식담보 대출
3. 이자 미납",,"1. 수기 처리
2. 해외주식 단가 변경
3. 퇴직연금 시스템",,,"1. 불합리한 관행
2. 수직적 조직문화","['신용대출', '주식담보 대출', '이자 미납']",[''],"['수기 처리', '해외주식 단가 변경', '퇴직연금 시스템']",[''],[''],"['불합리한 관행', '수직적 조직문화']","['신용대출', '주식담보 대출', '이자 미납', '수기 처리', '해외주식 단가 변경', '퇴직연금 시스템', '불합리한 관행', '수직적 조직문화']"
229,229,"1. 주문 실수
2. 금융상품
3. 녹취 회피","1. 매뉴얼 업데이트
2. 자료 관리","1. 대리자 시스템
2. 부서명 변경",,,"1. KPI 압박
2. 고객 유도
3. 전략 과제","['주문 실수', '금융상품', '녹취 회피']","['매뉴얼 업데이트', '자료 관리']","['대리자 시스템', '부서명 변경']",[''],[''],"['KPI 압박', '고객 유도', '전략 과제']","['주문 실수', '금융상품', '녹취 회피', '매뉴얼 업데이트', '자료 관리', '대리자 시스템', '부서명 변경', 'KPI 압박', '고객 유도', '전략 과제']"
230,230,"1. 주문 실수
2. 금융상품 리스크
3. 시스템 문제","1. 내부통제 인식 부족
2. 관심 부족
3. 정보 부족",1. 내부통제 교육,,,"1. 조직문화 손상
2. 리테일 위기
3. 성과 체계 문제","['주문 실수', '금융상품 리스크', '시스템 문제']","['내부통제 인식 부족', '관심 부족', '정보 부족']",['내부통제 교육'],[''],[''],"['조직문화 손상', '리테일 위기', '성과 체계 문제']","['주문 실수', '금융상품 리스크', '시스템 문제', '내부통제 인식 부족', '관심 부족', '정보 부족', '내부통제 교육', '조직문화 손상', '리테일 위기', '성과 체계 문제']"
231,231,,"1. 수익 유혹
2. 본사 검증
3. 금융투자상품","1. 시스템 벤치마킹
2. 개선 필요","1. 형식적 승인
2. 형식적 문화",,"1. 명확한 검증
2. 사후관리 부족
3. 수익 중심 영업
4. 업무 시스템 개선",[''],"['수익 유혹', '본사 검증', '금융투자상품']","['시스템 벤치마킹', '개선 필요']","['형식적 승인', '형식적 문화']",[''],"['명확한 검증', '사후관리 부족', '수익 중심 영업', '업무 시스템 개선']","['수익 유혹', '본사 검증', '금융투자상품', '시스템 벤치마킹', '개선 필요', '형식적 승인', '형식적 문화', '명확한 검증', '사후관리 부족', '수익 중심 영업', '업무 시스템 개선']"
232,232,"1. 금융투자상품
2. 판매 검증
3. 리스크 증가","1. 무리한 영업
2. 사고
3. 규정 준수","1. 감사횟수 증가
2. 시스템 감시",,,"1. 인사시스템
2. 수익부서 발령
3. 개선 필요","['금융투자상품', '판매 검증', '리스크 증가']","['무리한 영업', '사고', '규정 준수']","['감사횟수 증가', '시스템 감시']",[''],[''],"['인사시스템', '수익부서 발령', '개선 필요']","['금융투자상품', '판매 검증', '리스크 증가', '무리한 영업', '사고', '규정 준수', '감사횟수 증가', '시스템 감시', '인사시스템', '수익부서 발령', '개선 필요']"
233,233,"1. 주문증빙
2. 리스크
3. 미흡",1. ,"1. 고객 정보
2. 시스템 개선
3. 업무 처리",1. ,"1. KIP
2. 영업사원
3. 배분","1. 시스템
2. 내부통제
3. 개선","['주문증빙', '리스크', '미흡']",[''],"['고객 정보', '시스템 개선', '업무 처리']",[''],"['KIP', '영업사원', '배분']","['시스템', '내부통제', '개선']","['주문증빙', '리스크', '미흡', '고객 정보', '시스템 개선', '업무 처리', 'KIP', '영업사원', '배분', '시스템', '내부통제', '개선']"
234,234,"1. 리스크
2. 미비 보완",,"1. 결재 위임
2. 이동 제한 문제",,,1. 징계 불균형,"['리스크', '미비 보완']",[''],"['결재 위임', '이동 제한 문제']",[''],[''],['징계 불균형'],"['리스크', '미비 보완', '결재 위임', '이동 제한 문제', '징계 불균형']"
235,235,"1. 상품 문제
2. 위험고지",,"1. 상품 설명 영상
2. 교육 효율
3. 대응 시나리오","1. 리스크 분석
2. 상품 전략","1. 임원 사명감
2. 발전 추구","1. GIB 사고
2. 원칙 준수
3. 예외적용 문제","['상품 문제', '위험고지']",[''],"['상품 설명 영상', '교육 효율', '대응 시나리오']","['리스크 분석', '상품 전략']","['임원 사명감', '발전 추구']","['GIB 사고', '원칙 준수', '예외적용 문제']","['상품 문제', '위험고지', '상품 설명 영상', '교육 효율', '대응 시나리오', '리스크 분석', '상품 전략', '임원 사명감', '발전 추구', 'GIB 사고', '원칙 준수', '예외적용 문제']"
236,236,,,"1. KPI 불공정
2. 채권거래 상이",1. 법인카드 부적절 사용,,"1. 책임자 처벌
2. 행태 변화",[''],[''],"['KPI 불공정', '채권거래 상이']",['법인카드 부적절 사용'],[''],"['책임자 처벌', '행태 변화']","['KPI 불공정', '채권거래 상이', '법인카드 부적절 사용', '책임자 처벌', '행태 변화']"
237,237,"1. 국내주식
2. 퇴직연금
3. 제도적 변화",,,,,"1. 과도한 부서 수익
2. 내부통제 리스크","['국내주식', '퇴직연금', '제도적 변화']",[''],[''],[''],[''],"['과도한 부서 수익', '내부통제 리스크']","['국내주식', '퇴직연금', '제도적 변화', '과도한 부서 수익', '내부통제 리스크']"
238,238,"1. 승인 프로세스
2. 책임자 부재",1. 내부통제,"1. 해외주식 시스템
2. 전자문서 시스템
3. 망고매뉴얼
4. 골드넷 담당자",,,1. 순환보직,"['승인 프로세스', '책임자 부재']",['내부통제'],"['해외주식 시스템', '전자문서 시스템', '망고매뉴얼', '골드넷 담당자']",[''],[''],['순환보직'],"['승인 프로세스', '책임자 부재', '내부통제', '해외주식 시스템', '전자문서 시스템', '망고매뉴얼', '골드넷 담당자', '순환보직']"
240,240,"1. 책임자 부재
2. 승인 프로세스
3. 개선 필요",,"1. 해외주식 단가입력
2. 대주주 대출
3. 전자문서 시스템 고도화
4. 상속업무 전자화
5. 본사부서 소통",,,"1. 장기근무
2. 소통 어려움
3. 순환보직","['책임자 부재', '승인 프로세스', '개선 필요']",[''],"['해외주식 단가입력', '대주주 대출', '전자문서 시스템 고도화', '상속업무 전자화', '본사부서 소통']",[''],[''],"['장기근무', '소통 어려움', '순환보직']","['책임자 부재', '승인 프로세스', '개선 필요', '해외주식 단가입력', '대주주 대출', '전자문서 시스템 고도화', '상속업무 전자화', '본사부서 소통', '장기근무', '소통 어려움', '순환보직']"
241,241,"1. 책임자 부재
2. 승인 프로세스
3. 개선",1. ,"1. 해외주식 시스템 구축
2. 대주주 대출 업무
3. 망고매뉴얼 알프 불일치
4. 퇴직연금 전문센터
5. 세금 업무 프로세스",1. ,1. ,"1. 업무팀
2. 순환보직","['책임자 부재', '승인 프로세스', '개선']",[''],"['해외주식 시스템 구축', '대주주 대출 업무', '망고매뉴얼 알프 불일치', '퇴직연금 전문센터', '세금 업무 프로세스']",[''],[''],"['업무팀', '순환보직']","['책임자 부재', '승인 프로세스', '개선', '해외주식 시스템 구축', '대주주 대출 업무', '망고매뉴얼 알프 불일치', '퇴직연금 전문센터', '세금 업무 프로세스', '업무팀', '순환보직']"
242,242,"1. IB영업
2. 법인영업
3. 리스크","1. 라임사태
2. 서류간소화
3. 법인카드",,,,"1. 부서수익
2. 내부통제
3. 리스크","['IB영업', '법인영업', '리스크']","['라임사태', '서류간소화', '법인카드']",[''],[''],[''],"['부서수익', '내부통제', '리스크']","['IB영업', '법인영업', '리스크', '라임사태', '서류간소화', '법인카드', '부서수익', '내부통제', '리스크']"
